feature,anova_f_score
tfidf_01759,668.111479944675
tfidf_01168,668.111479944675
tfidf_07978,259.9769098344245
tfidf_03931,238.83897076771018
tfidf_01317,238.83897076771018
tfidf_02763,229.37865109943218
tfidf_07358,229.37865109943218
tfidf_02764,229.37865109943218
tfidf_04979,216.27673717470768
tfidf_03487,174.95563806706755
tfidf_06841,148.6699086223445
tfidf_05319,128.79263696728233
tfidf_06261,100.21301070848277
tfidf_02325,100.21301070848277
tfidf_06008,100.21301070848277
tfidf_08744,100.21301070848277
tfidf_07220,94.59920599885064
tfidf_00741,94.59920599885064
tfidf_04379,81.47947772501567
tfidf_03882,74.0873392332348
tfidf_03930,62.938544177041386
tfidf_04710,62.51066763818994
tfidf_06007,61.776931261601746
tfidf_02867,60.70636385091214
tfidf_07466,53.18278525421244
tfidf_02956,51.59112158535173
tfidf_02326,51.59112158535173
tfidf_02555,49.53537141420217
tfidf_02327,44.31891194098663
tfidf_03525,44.318911940986624
tfidf_08286,44.318911940986624
tfidf_05972,43.71268297001348
tfidf_05807,40.679741200685925
tfidf_08671,37.319780313812004
tfidf_02967,34.28813283295354
tfidf_06653,32.02963142737445
tfidf_03221,32.02963142737445
tfidf_08190,32.02963142737445
tfidf_02134,32.02963142737445
tfidf_02255,31.91236012807317
tfidf_01972,29.999513149512506
tfidf_04951,29.67990344862572
tfidf_03576,28.88825653484038
tfidf_00478,28.659159230980777
tfidf_01971,24.376434333843207
tfidf_02872,23.811146764559915
tfidf_07958,23.727112434385667
tfidf_03920,23.720229138226987
tfidf_04708,22.511231229359232
tfidf_02307,21.653548410367815
tfidf_06668,21.25763154490975
tfidf_05852,19.575853198393983
tfidf_09048,18.836806529389104
tfidf_05862,18.408302436409095
tfidf_01416,17.328688712837106
tfidf_04378,16.665437884823117
tfidf_08397,16.333398893321174
tfidf_08139,16.120150842168545
tfidf_09031,15.858002171635366
tfidf_02906,15.825441539453628
tfidf_08435,15.699999320548907
tfidf_07072,15.48074287048036
tfidf_08522,15.242670616078001
tfidf_08462,15.120759447895407
tfidf_05549,14.946237137899924
tfidf_03808,14.515356548156117
tfidf_02909,14.36360993796625
tfidf_07202,14.299348997481136
tfidf_08432,14.184829381021729
tfidf_02839,14.008927677327426
tfidf_08624,13.195179181468921
tfidf_07260,12.926652052726979
tfidf_08257,12.774437721073399
tfidf_02540,12.649299288109898
tfidf_08319,12.307113318977716
tfidf_06392,12.187481303647585
tfidf_02542,12.172325072580835
tfidf_00795,11.995359417411715
tfidf_05174,11.994085841095343
tfidf_00494,11.585440039779565
tfidf_01683,11.57781375847215
tfidf_07898,11.39411980280445
tfidf_08883,11.189438335922661
tfidf_04901,11.16790062146484
tfidf_05840,11.160768184363175
tfidf_06915,10.915023884521274
tfidf_02497,10.70827480127097
tfidf_01976,10.673164881680302
tfidf_02882,10.421073276035587
tfidf_05321,10.415694158360322
tfidf_06721,10.370015784711258
tfidf_01125,10.32744055611193
tfidf_01325,10.304394049130751
tfidf_00066,9.992753743291832
tfidf_03590,9.979587278301578
tfidf_02762,9.961398104752325
tfidf_00618,9.961066521782776
tfidf_03395,9.956342812372931
tfidf_06304,9.951699830394004
tfidf_07391,9.94581458848387
tfidf_06754,9.845151209195967
tfidf_07605,9.771044004685786
tfidf_02758,9.745353005967665
tfidf_03004,9.644028992636287
tfidf_06583,9.502471930622061
tfidf_07831,9.456704776802635
tfidf_06305,9.422217099858797
tfidf_01767,9.338801990273527
tfidf_08279,9.281960327176867
tfidf_04540,9.067860424554757
tfidf_03358,8.954490730754646
tfidf_00682,8.951850849484911
tfidf_00535,8.915295767938519
tfidf_05217,8.880417998389476
tfidf_02678,8.812121491347531
tfidf_03643,8.785682403209263
tfidf_03775,8.673664160842844
tfidf_06665,8.525335093945277
tfidf_03879,8.519676358969422
tfidf_03114,8.386315574593883
tfidf_07597,8.337496373906317
tfidf_05366,8.224847209365095
tfidf_03413,7.983457611713216
tfidf_08195,7.980767747222112
tfidf_04718,7.978447218153627
tfidf_01018,7.96777203232968
tfidf_08774,7.910978125093867
tfidf_03535,7.822607739044066
tfidf_09020,7.770655450152396
tfidf_04236,7.769837550566231
tfidf_02319,7.750513383776749
tfidf_09010,7.750513383776747
tfidf_06184,7.750513383776747
tfidf_06864,7.750513383776746
tfidf_06593,7.750513383776746
tfidf_00559,7.750513383776746
tfidf_05685,7.750513383776746
tfidf_06595,7.739438103105066
tfidf_00838,7.732275953239819
tfidf_02363,7.730874862586049
tfidf_05818,7.665294619272171
tfidf_01640,7.547512540848228
tfidf_07538,7.488288667375994
tfidf_05196,7.481286360744409
tfidf_08972,7.436229207571705
tfidf_01284,7.43016137641682
tfidf_08740,7.409497550411154
tfidf_03195,7.407575016825285
tfidf_08468,7.362733463973306
tfidf_05096,7.227417062061306
tfidf_02731,7.1560206913190125
tfidf_00543,7.140453509192797
tfidf_06626,7.132743374479852
tfidf_02928,7.126096133689315
tfidf_04961,7.062344335422028
tfidf_09038,6.96029425134692
tfidf_08233,6.927802530501328
tfidf_00610,6.883817231007179
tfidf_03774,6.879860112361283
tfidf_07352,6.8722380148659035
tfidf_07964,6.868453392746035
tfidf_06202,6.85011977225575
tfidf_04946,6.842293639815827
tfidf_09095,6.822665603968505
tfidf_01724,6.7962674105159335
tfidf_07827,6.7752040809056275
tfidf_01109,6.64868888405329
tfidf_01107,6.638555765728083
tfidf_07991,6.624025001136409
tfidf_02315,6.624025001136409
tfidf_08411,6.613328110441085
tfidf_04741,6.594713558498022
tfidf_02244,6.544326296043316
tfidf_01520,6.534312386758405
tfidf_06809,6.520376266875824
tfidf_06406,6.514177088739534
tfidf_05687,6.514078872329544
tfidf_08400,6.505399964674179
tfidf_04812,6.503295944565824
tfidf_07314,6.4749227536751786
tfidf_07153,6.444827996335436
tfidf_00947,6.440687526348878
tfidf_08508,6.430821379796763
tfidf_08507,6.430821379796763
tfidf_00839,6.427561104222139
tfidf_06810,6.3634321471938335
tfidf_07953,6.360849011710271
tfidf_07178,6.353777777514501
tfidf_03304,6.343786055478882
tfidf_00167,6.339155983029043
tfidf_07402,6.315404388081368
tfidf_09147,6.309318845877449
tfidf_06431,6.272310449739125
tfidf_08039,6.263236674083301
tfidf_02287,6.23036471792804
tfidf_02286,6.23036471792804
tfidf_02617,6.194832652516538
tfidf_01326,6.154510640002914
tfidf_04421,6.150585759763944
tfidf_01820,6.102417068617437
tfidf_07028,6.0860879634664045
tfidf_04094,6.0860879634664045
tfidf_00496,6.062526863041038
tfidf_00220,6.060534791788905
tfidf_02622,6.048601471755179
tfidf_00538,6.041938973618443
tfidf_02549,6.03260089990378
tfidf_06018,5.9061514725965045
tfidf_04359,5.9061514725965045
tfidf_07784,5.903487569038409
tfidf_04788,5.889781003641856
tfidf_08540,5.883467021605806
tfidf_06902,5.855859788041934
tfidf_00726,5.852022430511052
tfidf_06188,5.8449237967171435
tfidf_02975,5.8449237967171435
tfidf_04671,5.8449237967171435
tfidf_04052,5.835805984811436
tfidf_05487,5.835805984811436
tfidf_06135,5.835805984811436
tfidf_00911,5.835805984811436
tfidf_05352,5.810563313286805
tfidf_04908,5.800896728149901
tfidf_05785,5.798685077527081
tfidf_01130,5.796217424107531
tfidf_01613,5.764340351094994
tfidf_02650,5.743016143672167
tfidf_00529,5.7367649727975545
tfidf_00189,5.6999208570063296
tfidf_00015,5.669723433118969
tfidf_04287,5.666805736096796
tfidf_08442,5.651722419917163
tfidf_00570,5.6433435625757316
tfidf_04838,5.641014153152085
tfidf_01262,5.638541654225728
tfidf_00342,5.614839729475723
tfidf_04764,5.5700619990604
tfidf_01730,5.5700619990604
tfidf_08080,5.554446011483809
tfidf_00551,5.5456620785399
tfidf_07625,5.542423696546317
tfidf_02064,5.510356453719282
tfidf_00473,5.5064576830770955
tfidf_06187,5.486751189067358
tfidf_01091,5.474479956776267
tfidf_02584,5.467593938384256
tfidf_05599,5.466331822112317
tfidf_04658,5.447862670195228
tfidf_06423,5.441698652056843
tfidf_03819,5.418752361107228
tfidf_06594,5.389410655506724
tfidf_06714,5.379019671493744
tfidf_07339,5.379019671493744
tfidf_08437,5.379019584782522
tfidf_08099,5.379019547150243
tfidf_01493,5.363229100939251
tfidf_08052,5.341092339944658
tfidf_04581,5.3410923256702
tfidf_02147,5.3410923256702
tfidf_05758,5.3410923256702
tfidf_05783,5.321355036299806
tfidf_04267,5.27912712133849
tfidf_08108,5.274730412312145
tfidf_06140,5.265175698713251
tfidf_08952,5.245322856080661
tfidf_01746,5.245322856080661
tfidf_03269,5.2416477050464785
tfidf_08429,5.216374803666455
tfidf_03501,5.215027076452938
tfidf_04053,5.2137628699920935
tfidf_08632,5.213304559291069
tfidf_04916,5.213304559291069
tfidf_07985,5.213304528915489
tfidf_07982,5.213304528915489
tfidf_05730,5.213304528915489
tfidf_05729,5.213304528915489
tfidf_04594,5.213304528915489
tfidf_04595,5.213304528915489
tfidf_06331,5.213304528915489
tfidf_07176,5.202496965152919
tfidf_06888,5.199931279685854
tfidf_08148,5.189374157868446
tfidf_03960,5.184816378950156
tfidf_06656,5.184816378950156
tfidf_06923,5.184816378950156
tfidf_02826,5.1746310485291005
tfidf_02265,5.168227297816342
tfidf_04113,5.161005593535627
tfidf_05109,5.161005593535627
tfidf_04114,5.161005593535627
tfidf_08997,5.160442142666441
tfidf_01135,5.1582303968515735
tfidf_02308,5.15662271968457
tfidf_04324,5.15662271968457
tfidf_05838,5.1236409502657985
tfidf_04279,5.118156096870251
tfidf_02140,5.10704524189477
tfidf_08908,5.094887594122385
tfidf_08313,5.092535492930665
tfidf_00076,5.082463489543769
