clip	duration[ms]
common_voice_nb-NO_43527911.mp3	4428
common_voice_nb-NO_42682508.mp3	2880
common_voice_nb-NO_44024778.mp3	3420
common_voice_nb-NO_43543631.mp3	3888
common_voice_nb-NO_43552595.mp3	2160
common_voice_nb-NO_43552605.mp3	5760
common_voice_nb-NO_43493176.mp3	3096
common_voice_nb-NO_44035058.mp3	6912
common_voice_nb-NO_43531844.mp3	6876
common_voice_nb-NO_43531842.mp3	2520
common_voice_nb-NO_43534710.mp3	5904
common_voice_nb-NO_43538741.mp3	2880
common_voice_nb-NO_43493203.mp3	3096
common_voice_nb-NO_43552590.mp3	3636
common_voice_nb-NO_43534713.mp3	4212
common_voice_nb-NO_43531352.mp3	5616
common_voice_nb-NO_42829660.mp3	3816
common_voice_nb-NO_43527853.mp3	3924
common_voice_nb-NO_43462975.mp3	2628
common_voice_nb-NO_43531783.mp3	3276
common_voice_nb-NO_43543723.mp3	4536
common_voice_nb-NO_43531312.mp3	3168
common_voice_nb-NO_43537119.mp3	4680
common_voice_nb-NO_43493418.mp3	3060
common_voice_nb-NO_43531325.mp3	2916
common_voice_nb-NO_43552681.mp3	3708
common_voice_nb-NO_43543693.mp3	6516
common_voice_nb-NO_43534743.mp3	4356
common_voice_nb-NO_43534685.mp3	4356
common_voice_nb-NO_43493286.mp3	3780
common_voice_nb-NO_43552684.mp3	3960
common_voice_nb-NO_43635973.mp3	6876
common_voice_nb-NO_43635963.mp3	4428
common_voice_nb-NO_43534692.mp3	2160
common_voice_nb-NO_43538732.mp3	5652
common_voice_nb-NO_42605102.mp3	2340
common_voice_nb-NO_42559634.mp3	5148
common_voice_nb-NO_43541515.mp3	2628
common_voice_nb-NO_43543521.mp3	5076
common_voice_nb-NO_43552672.mp3	3348
common_voice_nb-NO_43493405.mp3	3528
common_voice_nb-NO_42609988.mp3	4176
common_voice_nb-NO_43644294.mp3	3096
common_voice_nb-NO_43534682.mp3	4572
common_voice_nb-NO_43552739.mp3	2448
common_voice_nb-NO_42575775.mp3	2808
common_voice_nb-NO_43552720.mp3	2376
common_voice_nb-NO_43493259.mp3	3096
common_voice_nb-NO_43552603.mp3	4896
common_voice_nb-NO_43541526.mp3	7236
common_voice_nb-NO_43527854.mp3	4932
common_voice_nb-NO_43646111.mp3	4284
common_voice_nb-NO_43552682.mp3	2448
common_voice_nb-NO_42609992.mp3	4716
common_voice_nb-NO_43552564.mp3	3276
common_voice_nb-NO_43527842.mp3	3312
common_voice_nb-NO_43531799.mp3	2988
common_voice_nb-NO_43645994.mp3	4248
common_voice_nb-NO_42610006.mp3	3168
common_voice_nb-NO_43543587.mp3	7596
common_voice_nb-NO_43531826.mp3	5040
common_voice_nb-NO_43543733.mp3	6156
common_voice_nb-NO_43552593.mp3	6048
common_voice_nb-NO_43493171.mp3	2988
common_voice_nb-NO_43529196.mp3	7416
common_voice_nb-NO_43493188.mp3	5688
common_voice_nb-NO_42613526.mp3	4788
common_voice_nb-NO_43531943.mp3	5076
common_voice_nb-NO_43933555.mp3	3420
common_voice_nb-NO_43427042.mp3	3780
common_voice_nb-NO_43493317.mp3	5616
common_voice_nb-NO_42829653.mp3	4788
common_voice_nb-NO_43543511.mp3	3780
common_voice_nb-NO_43534718.mp3	3564
common_voice_nb-NO_43543565.mp3	6120
common_voice_nb-NO_43493306.mp3	3348
common_voice_nb-NO_43643747.mp3	4860
common_voice_nb-NO_44024862.mp3	5220
common_voice_nb-NO_43543649.mp3	4968
common_voice_nb-NO_42613665.mp3	4788
common_voice_nb-NO_43531834.mp3	2556
common_voice_nb-NO_43194256.mp3	4572
common_voice_nb-NO_43537112.mp3	3780
common_voice_nb-NO_43644396.mp3	5832
common_voice_nb-NO_43527894.mp3	3564
common_voice_nb-NO_44032357.mp3	7380
common_voice_nb-NO_43527873.mp3	5184
common_voice_nb-NO_43543551.mp3	6768
common_voice_nb-NO_43531994.mp3	3600
common_voice_nb-NO_42558207.mp3	3924
common_voice_nb-NO_42613826.mp3	5940
common_voice_nb-NO_43543608.mp3	8136
common_voice_nb-NO_43543595.mp3	5580
common_voice_nb-NO_43544914.mp3	5292
common_voice_nb-NO_43527832.mp3	5292
common_voice_nb-NO_43538730.mp3	8244
common_voice_nb-NO_42613916.mp3	3096
common_voice_nb-NO_43538737.mp3	3672
common_voice_nb-NO_44034081.mp3	5436
common_voice_nb-NO_43543730.mp3	3240
common_voice_nb-NO_43552740.mp3	4320
common_voice_nb-NO_43462967.mp3	2736
common_voice_nb-NO_43531848.mp3	4068
common_voice_nb-NO_43645228.mp3	5976
common_voice_nb-NO_43427055.mp3	3240
common_voice_nb-NO_44031249.mp3	3636
common_voice_nb-NO_43531267.mp3	2988
common_voice_nb-NO_43541535.mp3	3816
common_voice_nb-NO_43552572.mp3	2088
common_voice_nb-NO_43531797.mp3	5436
common_voice_nb-NO_43543590.mp3	5400
common_voice_nb-NO_43531341.mp3	5616
common_voice_nb-NO_43552708.mp3	4140
common_voice_nb-NO_43552554.mp3	2628
common_voice_nb-NO_43529200.mp3	4968
common_voice_nb-NO_43527840.mp3	4248
common_voice_nb-NO_43535552.mp3	2340
common_voice_nb-NO_42559571.mp3	3996
common_voice_nb-NO_43531899.mp3	3276
common_voice_nb-NO_42829659.mp3	5148
common_voice_nb-NO_43543617.mp3	3456
common_voice_nb-NO_43543550.mp3	7848
common_voice_nb-NO_43541545.mp3	5292
common_voice_nb-NO_42610015.mp3	2916
common_voice_nb-NO_43531349.mp3	4968
common_voice_nb-NO_42682496.mp3	5868
common_voice_nb-NO_42576467.mp3	3636
common_voice_nb-NO_43543715.mp3	4428
common_voice_nb-NO_43635970.mp3	3636
common_voice_nb-NO_43531890.mp3	4248
common_voice_nb-NO_43543690.mp3	4140
common_voice_nb-NO_44024773.mp3	2340
common_voice_nb-NO_43534764.mp3	3132
common_voice_nb-NO_43644395.mp3	6120
common_voice_nb-NO_43493225.mp3	3456
common_voice_nb-NO_43543556.mp3	2340
common_voice_nb-NO_44034553.mp3	5220
common_voice_nb-NO_43527865.mp3	4608
common_voice_nb-NO_43527838.mp3	6588
common_voice_nb-NO_43493309.mp3	2916
common_voice_nb-NO_43544907.mp3	3852
common_voice_nb-NO_43527851.mp3	3996
common_voice_nb-NO_43543602.mp3	5436
common_voice_nb-NO_43493323.mp3	4176
common_voice_nb-NO_42613929.mp3	3996
common_voice_nb-NO_43493270.mp3	4500
common_voice_nb-NO_43531989.mp3	3456
common_voice_nb-NO_43531867.mp3	2880
common_voice_nb-NO_43537102.mp3	4176
common_voice_nb-NO_43531294.mp3	5148
common_voice_nb-NO_43535584.mp3	3096
common_voice_nb-NO_43493439.mp3	1836
common_voice_nb-NO_43399686.mp3	2988
common_voice_nb-NO_43641315.mp3	3168
common_voice_nb-NO_43645571.mp3	2628
common_voice_nb-NO_42610041.mp3	4140
common_voice_nb-NO_43535580.mp3	2340
common_voice_nb-NO_43239233.mp3	11016
common_voice_nb-NO_42610010.mp3	3348
common_voice_nb-NO_43541544.mp3	5580
common_voice_nb-NO_43552689.mp3	5868
common_voice_nb-NO_43531293.mp3	5976
common_voice_nb-NO_42613644.mp3	4140
common_voice_nb-NO_42559533.mp3	5688
common_voice_nb-NO_42613632.mp3	3888
common_voice_nb-NO_43531939.mp3	3528
common_voice_nb-NO_43543634.mp3	2160
common_voice_nb-NO_43552597.mp3	2196
common_voice_nb-NO_42613527.mp3	3420
common_voice_nb-NO_44024774.mp3	4968
common_voice_nb-NO_43552583.mp3	5508
common_voice_nb-NO_43197563.mp3	6480
common_voice_nb-NO_43552611.mp3	4428
common_voice_nb-NO_43399710.mp3	7488
common_voice_nb-NO_43543528.mp3	2700
common_voice_nb-NO_42559629.mp3	5076
common_voice_nb-NO_42613706.mp3	5148
common_voice_nb-NO_42610013.mp3	3348
common_voice_nb-NO_42682501.mp3	7776
common_voice_nb-NO_43531760.mp3	4428
common_voice_nb-NO_42613477.mp3	6336
common_voice_nb-NO_43644297.mp3	9972
common_voice_nb-NO_42605099.mp3	2844
common_voice_nb-NO_42613510.mp3	3636
common_voice_nb-NO_44031248.mp3	3636
common_voice_nb-NO_42610014.mp3	3276
common_voice_nb-NO_43531893.mp3	3456
common_voice_nb-NO_43531830.mp3	2160
common_voice_nb-NO_43527830.mp3	6372
common_voice_nb-NO_43543746.mp3	5220
common_voice_nb-NO_43544924.mp3	4176
common_voice_nb-NO_43463009.mp3	2916
common_voice_nb-NO_42613666.mp3	3420
common_voice_nb-NO_43531336.mp3	6408
common_voice_nb-NO_43527877.mp3	6444
common_voice_nb-NO_43543673.mp3	3348
common_voice_nb-NO_43531270.mp3	5076
common_voice_nb-NO_43531854.mp3	2808
common_voice_nb-NO_43635983.mp3	7956
common_voice_nb-NO_43531786.mp3	4860
common_voice_nb-NO_43493204.mp3	2700
common_voice_nb-NO_43552713.mp3	2628
common_voice_nb-NO_43531864.mp3	3816
common_voice_nb-NO_43644195.mp3	3312
common_voice_nb-NO_43493440.mp3	2556
common_voice_nb-NO_43543754.mp3	2700
common_voice_nb-NO_43543633.mp3	3960
common_voice_nb-NO_43543718.mp3	4716
common_voice_nb-NO_43527915.mp3	3492
common_voice_nb-NO_42682570.mp3	2916
common_voice_nb-NO_43552584.mp3	2520
common_voice_nb-NO_43531933.mp3	3456
common_voice_nb-NO_43644392.mp3	5040
common_voice_nb-NO_43529157.mp3	5868
common_voice_nb-NO_43531999.mp3	2016
common_voice_nb-NO_43531794.mp3	3420
common_voice_nb-NO_43552582.mp3	3528
common_voice_nb-NO_43541502.mp3	3636
common_voice_nb-NO_43538746.mp3	10332
common_voice_nb-NO_43537100.mp3	5400
common_voice_nb-NO_43543684.mp3	2340
common_voice_nb-NO_43527890.mp3	3492
common_voice_nb-NO_43529211.mp3	3816
common_voice_nb-NO_42610024.mp3	2736
common_voice_nb-NO_43529185.mp3	7344
common_voice_nb-NO_43531302.mp3	4320
common_voice_nb-NO_43532002.mp3	5076
common_voice_nb-NO_43541504.mp3	4572
common_voice_nb-NO_43462983.mp3	6516
common_voice_nb-NO_43644192.mp3	9684
common_voice_nb-NO_42559557.mp3	5256
common_voice_nb-NO_43527846.mp3	3024
common_voice_nb-NO_43543515.mp3	2736
common_voice_nb-NO_43399735.mp3	4608
common_voice_nb-NO_42682505.mp3	4608
common_voice_nb-NO_43535537.mp3	6012
common_voice_nb-NO_43239231.mp3	10008
common_voice_nb-NO_43552693.mp3	2880
common_voice_nb-NO_43529217.mp3	4536
common_voice_nb-NO_42613475.mp3	2088
common_voice_nb-NO_43493427.mp3	3276
common_voice_nb-NO_43538752.mp3	2232
common_voice_nb-NO_42613514.mp3	3276
common_voice_nb-NO_44032208.mp3	5040
common_voice_nb-NO_42558223.mp3	2736
common_voice_nb-NO_44024872.mp3	6300
common_voice_nb-NO_43535560.mp3	2844
common_voice_nb-NO_42682573.mp3	3888
common_voice_nb-NO_43635980.mp3	5256
common_voice_nb-NO_44032243.mp3	3672
common_voice_nb-NO_43531960.mp3	4608
common_voice_nb-NO_43493407.mp3	4356
common_voice_nb-NO_43531891.mp3	7308
common_voice_nb-NO_43544901.mp3	5220
common_voice_nb-NO_43535586.mp3	4140
common_voice_nb-NO_43531796.mp3	4968
common_voice_nb-NO_43636051.mp3	2556
common_voice_nb-NO_43527889.mp3	5148
common_voice_nb-NO_43529177.mp3	3816
common_voice_nb-NO_43462976.mp3	6516
common_voice_nb-NO_43552745.mp3	2160
common_voice_nb-NO_43531338.mp3	5976
common_voice_nb-NO_43493318.mp3	3888
common_voice_nb-NO_43644295.mp3	6300
common_voice_nb-NO_44034761.mp3	2808
common_voice_nb-NO_42609993.mp3	4068
common_voice_nb-NO_43531784.mp3	5220
common_voice_nb-NO_43535525.mp3	5868
common_voice_nb-NO_43194197.mp3	6228
common_voice_nb-NO_43531972.mp3	2160
common_voice_nb-NO_43534741.mp3	5292
common_voice_nb-NO_43537118.mp3	2376
common_voice_nb-NO_43641313.mp3	4176
common_voice_nb-NO_43543605.mp3	2520
common_voice_nb-NO_43531828.mp3	1908
common_voice_nb-NO_43543612.mp3	3636
common_voice_nb-NO_43643630.mp3	3240
common_voice_nb-NO_42613704.mp3	4500
common_voice_nb-NO_43643696.mp3	8172
common_voice_nb-NO_42682477.mp3	5868
common_voice_nb-NO_43543736.mp3	2520
common_voice_nb-NO_43543506.mp3	1728
common_voice_nb-NO_43493347.mp3	4356
common_voice_nb-NO_42575774.mp3	6120
common_voice_nb-NO_44030117.mp3	3456
common_voice_nb-NO_43531877.mp3	2160
common_voice_nb-NO_43531795.mp3	4968
common_voice_nb-NO_43552599.mp3	2016
common_voice_nb-NO_43493324.mp3	3636
common_voice_nb-NO_43493256.mp3	2376
common_voice_nb-NO_43531889.mp3	2736
common_voice_nb-NO_43462996.mp3	6300
common_voice_nb-NO_43427009.mp3	5472
common_voice_nb-NO_43493216.mp3	2088
common_voice_nb-NO_43462988.mp3	3816
common_voice_nb-NO_43531307.mp3	3960
common_voice_nb-NO_43645389.mp3	5904
common_voice_nb-NO_43552636.mp3	3348
common_voice_nb-NO_42610046.mp3	2196
common_voice_nb-NO_43552663.mp3	2736
common_voice_nb-NO_43927183.mp3	4428
common_voice_nb-NO_43644290.mp3	3996
common_voice_nb-NO_43427032.mp3	4572
common_voice_nb-NO_43535520.mp3	4356
common_voice_nb-NO_43427048.mp3	5292
common_voice_nb-NO_43544928.mp3	4248
common_voice_nb-NO_42559570.mp3	4320
common_voice_nb-NO_43535529.mp3	2052
common_voice_nb-NO_42559569.mp3	3996
common_voice_nb-NO_43531766.mp3	6156
common_voice_nb-NO_43543666.mp3	4140
common_voice_nb-NO_44023080.mp3	3456
common_voice_nb-NO_43543564.mp3	6948
common_voice_nb-NO_43534691.mp3	4464
common_voice_nb-NO_42605104.mp3	2556
common_voice_nb-NO_43531967.mp3	3348
common_voice_nb-NO_44024856.mp3	2628
common_voice_nb-NO_43399748.mp3	6120
common_voice_nb-NO_43531905.mp3	2196
common_voice_nb-NO_43493131.mp3	3960
common_voice_nb-NO_43544899.mp3	9216
common_voice_nb-NO_42613707.mp3	2808
common_voice_nb-NO_43493340.mp3	3168
common_voice_nb-NO_43527907.mp3	3924
common_voice_nb-NO_43532001.mp3	4788
common_voice_nb-NO_44032223.mp3	4680
common_voice_nb-NO_42613802.mp3	5580
common_voice_nb-NO_43531807.mp3	4140
common_voice_nb-NO_43552688.mp3	4608
common_voice_nb-NO_44024777.mp3	2340
common_voice_nb-NO_43427052.mp3	5292
common_voice_nb-NO_43543592.mp3	3276
common_voice_nb-NO_43531348.mp3	5076
common_voice_nb-NO_43527860.mp3	3312
common_voice_nb-NO_43543620.mp3	3096
common_voice_nb-NO_43531881.mp3	2376
common_voice_nb-NO_43531343.mp3	4176
common_voice_nb-NO_43543483.mp3	4176
common_voice_nb-NO_44032212.mp3	3852
common_voice_nb-NO_43644286.mp3	4680
common_voice_nb-NO_43493386.mp3	2520
common_voice_nb-NO_43531358.mp3	3636
common_voice_nb-NO_43543549.mp3	2196
common_voice_nb-NO_43531813.mp3	6768
common_voice_nb-NO_43543607.mp3	3636
common_voice_nb-NO_43543481.mp3	2196
common_voice_nb-NO_43543559.mp3	4068
common_voice_nb-NO_43535523.mp3	3996
common_voice_nb-NO_42613882.mp3	3096
common_voice_nb-NO_42613803.mp3	3996
common_voice_nb-NO_43493350.mp3	3960
common_voice_nb-NO_42610009.mp3	2556
common_voice_nb-NO_43535566.mp3	2196
common_voice_nb-NO_44032358.mp3	3600
common_voice_nb-NO_43529170.mp3	6660
common_voice_nb-NO_43534698.mp3	4392
common_voice_nb-NO_43463006.mp3	2376
common_voice_nb-NO_42682483.mp3	3456
common_voice_nb-NO_43531938.mp3	2520
common_voice_nb-NO_43552587.mp3	2520
common_voice_nb-NO_43527856.mp3	3132
common_voice_nb-NO_44105229.mp3	4104
common_voice_nb-NO_42488981.mp3	5832
common_voice_nb-NO_43535530.mp3	4356
common_voice_nb-NO_43531790.mp3	1980
common_voice_nb-NO_43527833.mp3	2916
common_voice_nb-NO_43552702.mp3	5508
common_voice_nb-NO_43543642.mp3	5868
common_voice_nb-NO_43463004.mp3	4140
common_voice_nb-NO_43527914.mp3	3492
common_voice_nb-NO_43527892.mp3	2916
common_voice_nb-NO_43644132.mp3	5148
common_voice_nb-NO_42610028.mp3	3888
common_voice_nb-NO_43427008.mp3	3708
common_voice_nb-NO_42610011.mp3	4068
common_voice_nb-NO_42682474.mp3	4176
common_voice_nb-NO_43543686.mp3	3168
common_voice_nb-NO_43493282.mp3	4608
common_voice_nb-NO_43534676.mp3	3960
common_voice_nb-NO_43552733.mp3	1800
common_voice_nb-NO_43535565.mp3	2700
common_voice_nb-NO_43543479.mp3	3456
common_voice_nb-NO_43552562.mp3	3996
common_voice_nb-NO_43537113.mp3	7344
common_voice_nb-NO_43552677.mp3	1980
common_voice_nb-NO_44024870.mp3	2988
common_voice_nb-NO_42613758.mp3	2520
common_voice_nb-NO_43541546.mp3	3348
common_voice_nb-NO_43531900.mp3	7380
common_voice_nb-NO_42689852.mp3	6948
common_voice_nb-NO_44032283.mp3	2016
common_voice_nb-NO_43531976.mp3	1908
common_voice_nb-NO_43531928.mp3	3600
common_voice_nb-NO_43543625.mp3	2556
common_voice_nb-NO_43552714.mp3	2268
common_voice_nb-NO_43531948.mp3	3816
common_voice_nb-NO_43537105.mp3	2700
common_voice_nb-NO_43531818.mp3	6588
common_voice_nb-NO_43531950.mp3	3456
common_voice_nb-NO_42759933.mp3	6120
common_voice_nb-NO_43399685.mp3	5796
common_voice_nb-NO_43643700.mp3	3312
common_voice_nb-NO_43543629.mp3	3888
common_voice_nb-NO_43427041.mp3	7308
common_voice_nb-NO_43927180.mp3	6048
common_voice_nb-NO_43529175.mp3	3888
common_voice_nb-NO_43636040.mp3	6300
common_voice_nb-NO_43552648.mp3	3420
common_voice_nb-NO_42829644.mp3	6156
common_voice_nb-NO_43529186.mp3	4608
common_voice_nb-NO_43552748.mp3	3600
common_voice_nb-NO_42613513.mp3	6516
common_voice_nb-NO_43531773.mp3	3888
common_voice_nb-NO_43544895.mp3	5940
common_voice_nb-NO_44032250.mp3	2916
common_voice_nb-NO_43644299.mp3	2916
common_voice_nb-NO_43531930.mp3	5760
common_voice_nb-NO_43493211.mp3	4680
common_voice_nb-NO_43493288.mp3	2520
common_voice_nb-NO_43493351.mp3	2556
common_voice_nb-NO_43543682.mp3	3780
common_voice_nb-NO_43541530.mp3	5976
common_voice_nb-NO_43635959.mp3	5400
common_voice_nb-NO_43543683.mp3	3636
common_voice_nb-NO_43534681.mp3	3528
common_voice_nb-NO_43635956.mp3	5148
common_voice_nb-NO_43543688.mp3	6336
common_voice_nb-NO_43531357.mp3	4680
common_voice_nb-NO_43531763.mp3	7308
common_voice_nb-NO_43543579.mp3	6516
common_voice_nb-NO_43493370.mp3	4680
common_voice_nb-NO_43541539.mp3	1980
common_voice_nb-NO_44034720.mp3	1980
common_voice_nb-NO_42613903.mp3	3456
common_voice_nb-NO_43543482.mp3	2196
common_voice_nb-NO_43543526.mp3	3456
common_voice_nb-NO_44034016.mp3	3240
common_voice_nb-NO_42520474.mp3	2628
common_voice_nb-NO_43493411.mp3	3348
common_voice_nb-NO_43399718.mp3	5328
common_voice_nb-NO_44032355.mp3	3996
common_voice_nb-NO_43531268.mp3	8280
common_voice_nb-NO_43531961.mp3	2988
common_voice_nb-NO_43636044.mp3	3636
common_voice_nb-NO_42613825.mp3	4320
common_voice_nb-NO_43543654.mp3	4176
common_voice_nb-NO_43529188.mp3	5364
common_voice_nb-NO_43493154.mp3	3996
common_voice_nb-NO_42613678.mp3	3096
common_voice_nb-NO_43531313.mp3	5076
common_voice_nb-NO_43463011.mp3	5796
common_voice_nb-NO_43462970.mp3	2736
common_voice_nb-NO_43493172.mp3	5328
common_voice_nb-NO_43534705.mp3	3492
common_voice_nb-NO_43534707.mp3	4860
common_voice_nb-NO_43543731.mp3	3708
common_voice_nb-NO_42559585.mp3	7200
common_voice_nb-NO_42488978.mp3	5832
common_voice_nb-NO_42559532.mp3	7020
common_voice_nb-NO_43645993.mp3	2736
common_voice_nb-NO_43543476.mp3	7380
common_voice_nb-NO_43552701.mp3	3456
common_voice_nb-NO_43531322.mp3	4500
common_voice_nb-NO_44032356.mp3	5256
common_voice_nb-NO_43531982.mp3	2376
common_voice_nb-NO_42609994.mp3	3168
common_voice_nb-NO_43543584.mp3	3348
common_voice_nb-NO_42613681.mp3	2268
common_voice_nb-NO_43493357.mp3	3420
common_voice_nb-NO_42613577.mp3	1908
common_voice_nb-NO_42613540.mp3	7020
common_voice_nb-NO_43527895.mp3	5328
common_voice_nb-NO_42605085.mp3	2880
common_voice_nb-NO_43531798.mp3	3996
common_voice_nb-NO_43544918.mp3	3600
common_voice_nb-NO_42613578.mp3	2268
common_voice_nb-NO_43552646.mp3	2556
common_voice_nb-NO_43541527.mp3	2448
common_voice_nb-NO_43531820.mp3	3636
common_voice_nb-NO_43493226.mp3	2088
common_voice_nb-NO_43529199.mp3	6192
common_voice_nb-NO_43531940.mp3	5688
common_voice_nb-NO_43552644.mp3	3240
common_voice_nb-NO_43543531.mp3	5040
common_voice_nb-NO_43552697.mp3	3708
common_voice_nb-NO_43538747.mp3	4320
common_voice_nb-NO_42689854.mp3	3996
common_voice_nb-NO_43643749.mp3	5904
common_voice_nb-NO_43543614.mp3	5148
common_voice_nb-NO_43543652.mp3	6480
common_voice_nb-NO_43543599.mp3	5868
common_voice_nb-NO_43534742.mp3	5472
common_voice_nb-NO_43543679.mp3	2016
common_voice_nb-NO_43493367.mp3	5220
common_voice_nb-NO_42759935.mp3	3528
common_voice_nb-NO_43493390.mp3	3276
common_voice_nb-NO_43531806.mp3	7560
common_voice_nb-NO_43399715.mp3	3708
common_voice_nb-NO_43529159.mp3	4968
common_voice_nb-NO_43552694.mp3	4176
common_voice_nb-NO_44024875.mp3	2916
common_voice_nb-NO_43493173.mp3	3816
common_voice_nb-NO_43552601.mp3	3060
common_voice_nb-NO_42559556.mp3	4428
common_voice_nb-NO_43531767.mp3	3960
common_voice_nb-NO_42613629.mp3	4176
common_voice_nb-NO_43643604.mp3	4608
common_voice_nb-NO_43552659.mp3	2268
common_voice_nb-NO_43552616.mp3	3456
common_voice_nb-NO_43544927.mp3	2844
common_voice_nb-NO_43462994.mp3	4716
common_voice_nb-NO_43527922.mp3	5580
common_voice_nb-NO_42682507.mp3	5616
common_voice_nb-NO_43541501.mp3	6228
common_voice_nb-NO_43537122.mp3	3348
common_voice_nb-NO_43493296.mp3	5076
common_voice_nb-NO_43529154.mp3	4860
common_voice_nb-NO_43534693.mp3	5868
common_voice_nb-NO_43543691.mp3	3636
common_voice_nb-NO_42559531.mp3	7560
common_voice_nb-NO_43643863.mp3	8712
common_voice_nb-NO_43543700.mp3	4680
common_voice_nb-NO_43544911.mp3	4320
common_voice_nb-NO_43645991.mp3	5796
common_voice_nb-NO_43543707.mp3	3348
common_voice_nb-NO_43527925.mp3	3996
common_voice_nb-NO_43527875.mp3	5040
common_voice_nb-NO_42613476.mp3	3420
common_voice_nb-NO_43538722.mp3	4392
common_voice_nb-NO_43531291.mp3	6156
common_voice_nb-NO_42829641.mp3	5076
common_voice_nb-NO_43552742.mp3	2880
common_voice_nb-NO_43541537.mp3	2664
common_voice_nb-NO_43552678.mp3	3780
common_voice_nb-NO_43552732.mp3	3348
common_voice_nb-NO_43543714.mp3	5256
common_voice_nb-NO_42613914.mp3	6300
common_voice_nb-NO_43493275.mp3	2700
common_voice_nb-NO_43552619.mp3	4536
common_voice_nb-NO_43544931.mp3	2088
common_voice_nb-NO_43529173.mp3	3780
common_voice_nb-NO_43531857.mp3	3816
common_voice_nb-NO_43543501.mp3	2016
common_voice_nb-NO_42576470.mp3	5076
common_voice_nb-NO_43493152.mp3	3348
common_voice_nb-NO_43493387.mp3	1980
common_voice_nb-NO_43644282.mp3	5400
common_voice_nb-NO_43531902.mp3	6480
common_voice_nb-NO_43552576.mp3	3600
common_voice_nb-NO_43493174.mp3	4248
common_voice_nb-NO_43529155.mp3	6660
common_voice_nb-NO_43526212.mp3	5364
common_voice_nb-NO_43535551.mp3	6048
common_voice_nb-NO_43427019.mp3	3996
common_voice_nb-NO_43463010.mp3	4608
common_voice_nb-NO_44034077.mp3	3564
common_voice_nb-NO_43527844.mp3	5076
common_voice_nb-NO_43531770.mp3	7200
common_voice_nb-NO_43552577.mp3	4428
common_voice_nb-NO_43535576.mp3	2268
common_voice_nb-NO_43544912.mp3	3312
common_voice_nb-NO_43194258.mp3	4788
common_voice_nb-NO_43527903.mp3	8316
common_voice_nb-NO_43534680.mp3	2808
common_voice_nb-NO_42609976.mp3	6516
common_voice_nb-NO_43543507.mp3	2808
common_voice_nb-NO_43529172.mp3	5868
common_voice_nb-NO_43527848.mp3	7200
common_voice_nb-NO_43527885.mp3	3132
common_voice_nb-NO_43493366.mp3	3636
common_voice_nb-NO_42613478.mp3	3348
common_voice_nb-NO_43531360.mp3	5760
common_voice_nb-NO_43535538.mp3	4644
common_voice_nb-NO_43527859.mp3	2772
common_voice_nb-NO_43531984.mp3	1908
common_voice_nb-NO_42610017.mp3	3960
common_voice_nb-NO_43399688.mp3	4896
common_voice_nb-NO_43531320.mp3	2016
common_voice_nb-NO_43541516.mp3	2880
common_voice_nb-NO_43552656.mp3	1908
common_voice_nb-NO_43531344.mp3	5580
common_voice_nb-NO_43531986.mp3	3600
common_voice_nb-NO_43543548.mp3	2880
common_voice_nb-NO_43427031.mp3	6156
common_voice_nb-NO_43531846.mp3	2520
common_voice_nb-NO_43543598.mp3	3996
common_voice_nb-NO_43552668.mp3	3348
common_voice_nb-NO_43543641.mp3	3888
common_voice_nb-NO_43531841.mp3	4860
common_voice_nb-NO_43462985.mp3	5400
common_voice_nb-NO_43543512.mp3	4860
common_voice_nb-NO_43531968.mp3	3888
common_voice_nb-NO_43535522.mp3	2088
common_voice_nb-NO_43544908.mp3	6588
common_voice_nb-NO_43493218.mp3	3420
common_voice_nb-NO_43645386.mp3	4536
common_voice_nb-NO_43643602.mp3	6840
common_voice_nb-NO_43645385.mp3	12780
common_voice_nb-NO_43531802.mp3	3996
common_voice_nb-NO_43543685.mp3	6156
common_voice_nb-NO_43493168.mp3	5796
common_voice_nb-NO_43635988.mp3	4536
common_voice_nb-NO_44035060.mp3	4176
common_voice_nb-NO_42613928.mp3	5148
common_voice_nb-NO_42610023.mp3	3636
common_voice_nb-NO_43644131.mp3	5148
common_voice_nb-NO_43527912.mp3	6336
common_voice_nb-NO_43543663.mp3	3096
common_voice_nb-NO_44029981.mp3	5148
common_voice_nb-NO_43527891.mp3	2304
common_voice_nb-NO_43543728.mp3	4788
common_voice_nb-NO_43531300.mp3	4320
common_voice_nb-NO_43535581.mp3	3816
common_voice_nb-NO_43541525.mp3	2304
common_voice_nb-NO_43194259.mp3	4284
common_voice_nb-NO_42558240.mp3	5256
common_voice_nb-NO_43531289.mp3	4536
common_voice_nb-NO_43531898.mp3	5400
common_voice_nb-NO_42613828.mp3	3168
common_voice_nb-NO_43552738.mp3	2916
common_voice_nb-NO_43493207.mp3	3348
common_voice_nb-NO_43463000.mp3	4788
common_voice_nb-NO_43529201.mp3	4392
common_voice_nb-NO_43493276.mp3	3240
common_voice_nb-NO_43493316.mp3	4788
common_voice_nb-NO_42613587.mp3	2736
common_voice_nb-NO_43531369.mp3	3708
common_voice_nb-NO_43531952.mp3	2196
common_voice_nb-NO_43643730.mp3	2376
common_voice_nb-NO_43552604.mp3	6840
common_voice_nb-NO_43543712.mp3	5796
common_voice_nb-NO_43552706.mp3	2268
common_voice_nb-NO_43535527.mp3	3636
common_voice_nb-NO_43493192.mp3	3096
common_voice_nb-NO_43531809.mp3	2448
common_voice_nb-NO_44024878.mp3	3420
common_voice_nb-NO_43534674.mp3	2556
common_voice_nb-NO_43543745.mp3	3276
common_voice_nb-NO_42575773.mp3	5472
common_voice_nb-NO_44032286.mp3	3780
common_voice_nb-NO_43543738.mp3	5760
common_voice_nb-NO_43527904.mp3	4284
common_voice_nb-NO_43552741.mp3	2808
common_voice_nb-NO_43543486.mp3	2376
common_voice_nb-NO_42609974.mp3	3960
common_voice_nb-NO_42605098.mp3	5004
common_voice_nb-NO_43535568.mp3	2916
common_voice_nb-NO_43538744.mp3	2196
common_voice_nb-NO_43531778.mp3	3960
common_voice_nb-NO_43543514.mp3	1800
common_voice_nb-NO_42558221.mp3	2808
common_voice_nb-NO_42613589.mp3	4248
common_voice_nb-NO_44034723.mp3	2520
common_voice_nb-NO_42613774.mp3	2556
common_voice_nb-NO_43531334.mp3	3636
common_voice_nb-NO_43643874.mp3	6552
common_voice_nb-NO_43527897.mp3	4644
common_voice_nb-NO_43543677.mp3	2628
common_voice_nb-NO_43493320.mp3	3780
common_voice_nb-NO_43535536.mp3	4788
common_voice_nb-NO_44105226.mp3	8388
common_voice_nb-NO_43535541.mp3	4068
common_voice_nb-NO_43493224.mp3	4680
common_voice_nb-NO_43543655.mp3	4176
common_voice_nb-NO_43543729.mp3	6048
common_voice_nb-NO_43635974.mp3	2916
common_voice_nb-NO_43534677.mp3	3816
common_voice_nb-NO_43535547.mp3	2628
common_voice_nb-NO_43543706.mp3	4680
common_voice_nb-NO_43552602.mp3	5148
common_voice_nb-NO_43643875.mp3	6228
common_voice_nb-NO_43543696.mp3	3420
common_voice_nb-NO_42613643.mp3	3348
common_voice_nb-NO_43646112.mp3	4464
common_voice_nb-NO_43531862.mp3	2700
common_voice_nb-NO_43531962.mp3	3240
common_voice_nb-NO_42613776.mp3	5616
common_voice_nb-NO_43529204.mp3	5616
common_voice_nb-NO_43414691.mp3	4176
common_voice_nb-NO_42558202.mp3	4464
common_voice_nb-NO_43427016.mp3	5508
common_voice_nb-NO_43529218.mp3	2880
common_voice_nb-NO_42613931.mp3	3888
common_voice_nb-NO_43543627.mp3	6156
common_voice_nb-NO_43527906.mp3	5220
common_voice_nb-NO_43531814.mp3	3240
common_voice_nb-NO_42613511.mp3	3888
common_voice_nb-NO_44032287.mp3	2808
common_voice_nb-NO_43535539.mp3	5904
common_voice_nb-NO_43534754.mp3	4824
common_voice_nb-NO_43531935.mp3	3348
common_voice_nb-NO_43543680.mp3	4320
common_voice_nb-NO_43537115.mp3	3204
common_voice_nb-NO_43427029.mp3	2808
common_voice_nb-NO_43543647.mp3	3888
common_voice_nb-NO_43493258.mp3	2448
common_voice_nb-NO_43531901.mp3	3816
common_voice_nb-NO_42605101.mp3	2556
common_voice_nb-NO_43635981.mp3	2916
common_voice_nb-NO_43493425.mp3	3456
common_voice_nb-NO_43538738.mp3	5544
common_voice_nb-NO_43493227.mp3	3528
common_voice_nb-NO_43493307.mp3	3240
common_voice_nb-NO_42610031.mp3	2700
common_voice_nb-NO_43493196.mp3	2556
common_voice_nb-NO_43552716.mp3	4248
common_voice_nb-NO_43493327.mp3	2196
common_voice_nb-NO_43645230.mp3	2232
common_voice_nb-NO_43538748.mp3	4032
common_voice_nb-NO_43531366.mp3	5976
common_voice_nb-NO_42613679.mp3	2808
common_voice_nb-NO_43644148.mp3	2736
common_voice_nb-NO_42682473.mp3	6588
common_voice_nb-NO_43531775.mp3	4968
common_voice_nb-NO_43543753.mp3	3096
common_voice_nb-NO_42610047.mp3	2268
common_voice_nb-NO_43552634.mp3	5580
common_voice_nb-NO_42613804.mp3	3348
common_voice_nb-NO_43493170.mp3	4788
common_voice_nb-NO_43197562.mp3	2880
common_voice_nb-NO_43534688.mp3	5724
common_voice_nb-NO_43534727.mp3	4140
common_voice_nb-NO_43531979.mp3	4860
common_voice_nb-NO_43552705.mp3	5508
common_voice_nb-NO_44032248.mp3	4032
common_voice_nb-NO_42559613.mp3	5076
common_voice_nb-NO_43531275.mp3	4860
common_voice_nb-NO_43527898.mp3	4032
common_voice_nb-NO_43526216.mp3	5364
common_voice_nb-NO_42613602.mp3	4608
common_voice_nb-NO_43543586.mp3	7056
common_voice_nb-NO_43543674.mp3	1980
common_voice_nb-NO_43531858.mp3	3888
common_voice_nb-NO_43552606.mp3	2016
common_voice_nb-NO_43531286.mp3	3240
common_voice_nb-NO_43529169.mp3	2412
common_voice_nb-NO_43531963.mp3	6048
common_voice_nb-NO_42613815.mp3	2808
common_voice_nb-NO_42613863.mp3	3096
common_voice_nb-NO_43552744.mp3	4896
common_voice_nb-NO_43531328.mp3	3456
common_voice_nb-NO_42558239.mp3	4392
common_voice_nb-NO_43531840.mp3	8100
common_voice_nb-NO_43493389.mp3	2808
common_voice_nb-NO_43544923.mp3	5364
common_voice_nb-NO_43541522.mp3	6948
common_voice_nb-NO_43543504.mp3	2628
common_voice_nb-NO_43534711.mp3	2916
common_voice_nb-NO_43541528.mp3	3960
common_voice_nb-NO_43493169.mp3	1980
common_voice_nb-NO_43531912.mp3	8208
common_voice_nb-NO_43543585.mp3	7776
common_voice_nb-NO_42610008.mp3	4860
common_voice_nb-NO_43531880.mp3	2880
common_voice_nb-NO_43552695.mp3	3168
common_voice_nb-NO_43531278.mp3	5400
common_voice_nb-NO_43527887.mp3	2520
common_voice_nb-NO_44032304.mp3	5076
common_voice_nb-NO_43531368.mp3	2376
common_voice_nb-NO_43493205.mp3	3600
common_voice_nb-NO_43399716.mp3	4068
common_voice_nb-NO_42613529.mp3	3780
common_voice_nb-NO_43552553.mp3	4176
common_voice_nb-NO_43543710.mp3	3888
common_voice_nb-NO_43644449.mp3	5220
common_voice_nb-NO_43463007.mp3	3960
common_voice_nb-NO_43535518.mp3	4680
common_voice_nb-NO_43493394.mp3	3888
common_voice_nb-NO_43543582.mp3	5868
common_voice_nb-NO_43543709.mp3	3816
common_voice_nb-NO_43531762.mp3	2376
common_voice_nb-NO_44105228.mp3	5796
common_voice_nb-NO_43529171.mp3	4716
common_voice_nb-NO_42829642.mp3	4716
common_voice_nb-NO_42605097.mp3	3024
common_voice_nb-NO_43644300.mp3	3780
common_voice_nb-NO_43543475.mp3	3096
common_voice_nb-NO_43531849.mp3	3060
common_voice_nb-NO_43526221.mp3	6336
common_voice_nb-NO_44024868.mp3	4320
common_voice_nb-NO_42609991.mp3	5076
common_voice_nb-NO_44034014.mp3	4572
common_voice_nb-NO_43427007.mp3	3024
common_voice_nb-NO_43527901.mp3	2880
common_voice_nb-NO_44030112.mp3	4428
common_voice_nb-NO_43531757.mp3	3348
common_voice_nb-NO_43493135.mp3	2448
common_voice_nb-NO_43493206.mp3	4248
common_voice_nb-NO_43643748.mp3	3348
common_voice_nb-NO_43643729.mp3	4140
common_voice_nb-NO_42613913.mp3	5076
common_voice_nb-NO_42613880.mp3	2808
common_voice_nb-NO_43526217.mp3	4608
common_voice_nb-NO_42613866.mp3	2556
common_voice_nb-NO_43543561.mp3	2916
common_voice_nb-NO_43537104.mp3	3888
common_voice_nb-NO_43531910.mp3	2196
common_voice_nb-NO_43531345.mp3	4176
common_voice_nb-NO_42613773.mp3	4140
common_voice_nb-NO_43635986.mp3	2988
common_voice_nb-NO_43543491.mp3	4716
common_voice_nb-NO_43543594.mp3	5400
common_voice_nb-NO_43543609.mp3	4788
common_voice_nb-NO_43534695.mp3	4284
common_voice_nb-NO_43529181.mp3	4932
common_voice_nb-NO_43493271.mp3	2916
common_voice_nb-NO_43414692.mp3	4140
common_voice_nb-NO_43531965.mp3	3816
common_voice_nb-NO_43538724.mp3	2736
common_voice_nb-NO_43534728.mp3	6840
common_voice_nb-NO_43552618.mp3	2268
common_voice_nb-NO_42613806.mp3	4068
common_voice_nb-NO_43531824.mp3	4536
common_voice_nb-NO_43552671.mp3	3348
common_voice_nb-NO_43543478.mp3	4356
common_voice_nb-NO_43529192.mp3	3384
common_voice_nb-NO_43543732.mp3	5220
common_voice_nb-NO_43493217.mp3	3996
common_voice_nb-NO_43529193.mp3	3132
common_voice_nb-NO_43644133.mp3	3960
common_voice_nb-NO_43197564.mp3	5436
common_voice_nb-NO_43531327.mp3	4608
common_voice_nb-NO_43552743.mp3	2340
common_voice_nb-NO_43543613.mp3	3600
common_voice_nb-NO_43493213.mp3	2700
common_voice_nb-NO_43531875.mp3	2988
common_voice_nb-NO_43527879.mp3	3348
common_voice_nb-NO_43427047.mp3	6156
common_voice_nb-NO_43552649.mp3	3240
common_voice_nb-NO_43531951.mp3	4248
common_voice_nb-NO_43527886.mp3	3672
common_voice_nb-NO_44031045.mp3	5328
common_voice_nb-NO_43427027.mp3	3240
common_voice_nb-NO_43635958.mp3	5976
common_voice_nb-NO_43493360.mp3	2448
common_voice_nb-NO_43541503.mp3	2664
common_voice_nb-NO_43531817.mp3	5976
common_voice_nb-NO_42605080.mp3	2952
common_voice_nb-NO_43543678.mp3	5940
common_voice_nb-NO_43493187.mp3	4608
common_voice_nb-NO_43543563.mp3	3888
common_voice_nb-NO_42613590.mp3	1908
common_voice_nb-NO_43493214.mp3	3096
common_voice_nb-NO_43543758.mp3	3528
common_voice_nb-NO_43535549.mp3	6912
common_voice_nb-NO_43552687.mp3	2700
common_voice_nb-NO_43531367.mp3	4860
common_voice_nb-NO_43644147.mp3	4248
common_voice_nb-NO_43493369.mp3	3888
common_voice_nb-NO_43643603.mp3	4500
common_voice_nb-NO_43643861.mp3	7380
common_voice_nb-NO_43544898.mp3	3060
common_voice_nb-NO_43552579.mp3	2196
common_voice_nb-NO_43534726.mp3	3708
common_voice_nb-NO_43552639.mp3	4356
common_voice_nb-NO_43527923.mp3	3672
common_voice_nb-NO_42613631.mp3	5040
common_voice_nb-NO_43543717.mp3	2700
common_voice_nb-NO_43493322.mp3	2700
common_voice_nb-NO_43493208.mp3	4788
common_voice_nb-NO_43493167.mp3	3240
common_voice_nb-NO_43531370.mp3	2880
common_voice_nb-NO_43462984.mp3	7596
common_voice_nb-NO_43531768.mp3	3708
common_voice_nb-NO_43544904.mp3	7308
common_voice_nb-NO_43531789.mp3	3780
common_voice_nb-NO_43644293.mp3	3420
common_voice_nb-NO_43531974.mp3	2160
common_voice_nb-NO_43531981.mp3	3168
common_voice_nb-NO_43552723.mp3	2700
common_voice_nb-NO_43427026.mp3	5220
common_voice_nb-NO_43531954.mp3	2448
common_voice_nb-NO_43463014.mp3	4788
common_voice_nb-NO_44034082.mp3	3456
common_voice_nb-NO_42613538.mp3	4356
common_voice_nb-NO_43493151.mp3	3456
common_voice_nb-NO_43543698.mp3	2880
common_voice_nb-NO_43535532.mp3	2196
common_voice_nb-NO_43414693.mp3	3888
common_voice_nb-NO_43535585.mp3	7236
common_voice_nb-NO_43493272.mp3	4356
common_voice_nb-NO_43541543.mp3	2520
common_voice_nb-NO_42613512.mp3	3168
common_voice_nb-NO_43531964.mp3	4176
common_voice_nb-NO_43538750.mp3	1980
common_voice_nb-NO_43493194.mp3	4500
common_voice_nb-NO_43493416.mp3	5616
common_voice_nb-NO_43552589.mp3	5868
common_voice_nb-NO_43552640.mp3	2268
common_voice_nb-NO_42613615.mp3	3096
common_voice_nb-NO_43493359.mp3	3636
common_voice_nb-NO_43529189.mp3	3240
common_voice_nb-NO_43538723.mp3	6984
common_voice_nb-NO_43493252.mp3	5580
common_voice_nb-NO_43493215.mp3	3276
common_voice_nb-NO_43493330.mp3	2808
common_voice_nb-NO_43538729.mp3	4464
common_voice_nb-NO_43493268.mp3	3276
common_voice_nb-NO_43493336.mp3	3168
common_voice_nb-NO_43531833.mp3	3708
common_voice_nb-NO_43543538.mp3	4140
common_voice_nb-NO_43414695.mp3	3708
common_voice_nb-NO_43527864.mp3	2772
common_voice_nb-NO_43543724.mp3	4140
common_voice_nb-NO_43427022.mp3	2916
common_voice_nb-NO_43552735.mp3	2808
common_voice_nb-NO_43544891.mp3	3888
common_voice_nb-NO_43543713.mp3	1728
common_voice_nb-NO_42559558.mp3	5976
common_voice_nb-NO_42610016.mp3	3888
common_voice_nb-NO_43529184.mp3	7524
common_voice_nb-NO_43462969.mp3	5940
common_voice_nb-NO_43538728.mp3	4752
common_voice_nb-NO_42613755.mp3	2808
common_voice_nb-NO_43531803.mp3	2808
common_voice_nb-NO_44029982.mp3	7020
common_voice_nb-NO_43493444.mp3	3816
common_voice_nb-NO_43552647.mp3	2376
common_voice_nb-NO_43531922.mp3	4500
common_voice_nb-NO_43537120.mp3	7632
common_voice_nb-NO_43552665.mp3	3060
common_voice_nb-NO_43534696.mp3	3204
common_voice_nb-NO_43543603.mp3	4608
common_voice_nb-NO_43543529.mp3	5076
common_voice_nb-NO_43552551.mp3	2916
common_voice_nb-NO_43534756.mp3	2772
common_voice_nb-NO_43645229.mp3	2808
common_voice_nb-NO_43544902.mp3	4392
common_voice_nb-NO_43493165.mp3	4716
common_voice_nb-NO_43535583.mp3	8424
common_voice_nb-NO_43543687.mp3	2196
common_voice_nb-NO_43493153.mp3	4500
common_voice_nb-NO_43644298.mp3	2808
common_voice_nb-NO_43643864.mp3	4716
common_voice_nb-NO_42605083.mp3	5400
common_voice_nb-NO_43541511.mp3	5436
common_voice_nb-NO_44034554.mp3	2736
common_voice_nb-NO_43644194.mp3	8460
common_voice_nb-NO_43529163.mp3	4644
common_voice_nb-NO_44034079.mp3	4788
common_voice_nb-NO_43527867.mp3	4428
common_voice_nb-NO_43543493.mp3	4860
common_voice_nb-NO_43552710.mp3	1620
common_voice_nb-NO_43529174.mp3	8424
common_voice_nb-NO_43529191.mp3	5040
common_voice_nb-NO_43643750.mp3	7020
common_voice_nb-NO_43531937.mp3	6768
common_voice_nb-NO_43529215.mp3	4608
common_voice_nb-NO_43543522.mp3	4428
common_voice_nb-NO_43532000.mp3	2556
common_voice_nb-NO_43531777.mp3	6228
common_voice_nb-NO_43462961.mp3	4068
common_voice_nb-NO_42558249.mp3	4680
common_voice_nb-NO_42613864.mp3	3348
common_voice_nb-NO_43531853.mp3	2088
common_voice_nb-NO_43538753.mp3	7740
common_voice_nb-NO_43531874.mp3	4716
common_voice_nb-NO_43527905.mp3	6552
common_voice_nb-NO_43531865.mp3	5436
common_voice_nb-NO_43399717.mp3	2736
common_voice_nb-NO_42610043.mp3	3060
common_voice_nb-NO_43527913.mp3	2916
common_voice_nb-NO_43644156.mp3	3960
common_voice_nb-NO_43527868.mp3	4500
common_voice_nb-NO_43493382.mp3	2808
common_voice_nb-NO_43529176.mp3	3492
common_voice_nb-NO_43535562.mp3	4356
common_voice_nb-NO_42613569.mp3	2340
common_voice_nb-NO_43645570.mp3	2880
common_voice_nb-NO_43544922.mp3	4536
common_voice_nb-NO_43646113.mp3	4500
common_voice_nb-NO_43541500.mp3	5364
common_voice_nb-NO_43427065.mp3	2556
common_voice_nb-NO_43641316.mp3	7020
common_voice_nb-NO_43534730.mp3	5652
common_voice_nb-NO_42613753.mp3	3348
common_voice_nb-NO_42605087.mp3	2700
common_voice_nb-NO_43493326.mp3	2988
common_voice_nb-NO_43543547.mp3	6516
common_voice_nb-NO_42558236.mp3	4608
common_voice_nb-NO_43543509.mp3	2880
common_voice_nb-NO_42689866.mp3	4176
common_voice_nb-NO_43531825.mp3	2556
common_voice_nb-NO_43531831.mp3	6408
common_voice_nb-NO_42613599.mp3	4428
common_voice_nb-NO_42558206.mp3	5328
common_voice_nb-NO_42610044.mp3	4176
common_voice_nb-NO_43552609.mp3	3528
common_voice_nb-NO_43493222.mp3	5328
common_voice_nb-NO_43462999.mp3	2520
common_voice_nb-NO_43543505.mp3	4968
common_voice_nb-NO_43531365.mp3	5580
common_voice_nb-NO_43537109.mp3	3348
common_voice_nb-NO_43535588.mp3	3240
common_voice_nb-NO_43933487.mp3	3852
common_voice_nb-NO_43493221.mp3	3528
common_voice_nb-NO_43541534.mp3	5292
common_voice_nb-NO_43462977.mp3	2160
common_voice_nb-NO_43552574.mp3	3708
common_voice_nb-NO_43531785.mp3	3888
common_voice_nb-NO_43527899.mp3	4752
common_voice_nb-NO_42613907.mp3	2376
common_voice_nb-NO_42682498.mp3	2268
common_voice_nb-NO_43531829.mp3	5868
common_voice_nb-NO_43531361.mp3	4896
common_voice_nb-NO_43552561.mp3	4176
common_voice_nb-NO_44023078.mp3	3924
common_voice_nb-NO_43543484.mp3	1800
common_voice_nb-NO_43552727.mp3	3276
common_voice_nb-NO_42682572.mp3	4176
common_voice_nb-NO_43531821.mp3	2700
common_voice_nb-NO_43552642.mp3	3096
common_voice_nb-NO_43531863.mp3	2916
common_voice_nb-NO_44023077.mp3	4968
common_voice_nb-NO_43543606.mp3	4320
common_voice_nb-NO_43493155.mp3	3996
common_voice_nb-NO_43552728.mp3	3996
common_voice_nb-NO_43531869.mp3	2376
common_voice_nb-NO_42605095.mp3	3384
common_voice_nb-NO_42613664.mp3	4068
common_voice_nb-NO_43543498.mp3	5760
common_voice_nb-NO_43552635.mp3	5616
common_voice_nb-NO_43644193.mp3	3888
common_voice_nb-NO_43531819.mp3	3456
common_voice_nb-NO_44034552.mp3	4968
common_voice_nb-NO_44032309.mp3	2160
common_voice_nb-NO_43493132.mp3	4500
common_voice_nb-NO_43493381.mp3	2016
common_voice_nb-NO_43552622.mp3	3168
common_voice_nb-NO_43531837.mp3	1836
common_voice_nb-NO_43543530.mp3	2196
common_voice_nb-NO_43933558.mp3	2052
common_voice_nb-NO_43493283.mp3	4356
common_voice_nb-NO_43493388.mp3	2196
common_voice_nb-NO_43543699.mp3	4896
common_voice_nb-NO_42613616.mp3	4860
common_voice_nb-NO_43531906.mp3	3780
common_voice_nb-NO_42613559.mp3	5760
common_voice_nb-NO_42576463.mp3	3852
common_voice_nb-NO_43493134.mp3	6480
common_voice_nb-NO_43493229.mp3	3708
common_voice_nb-NO_43543503.mp3	2556
common_voice_nb-NO_43543513.mp3	3816
common_voice_nb-NO_43427010.mp3	6516
common_voice_nb-NO_43543497.mp3	5256
common_voice_nb-NO_43493299.mp3	2736
common_voice_nb-NO_43538731.mp3	2952
common_voice_nb-NO_43531936.mp3	2088
common_voice_nb-NO_43541540.mp3	2268
common_voice_nb-NO_43531908.mp3	2880
common_voice_nb-NO_44032302.mp3	6984
common_voice_nb-NO_43541518.mp3	3816
common_voice_nb-NO_43552592.mp3	3096
common_voice_nb-NO_42559588.mp3	4896
common_voice_nb-NO_43535557.mp3	2340
common_voice_nb-NO_43531886.mp3	4068
common_voice_nb-NO_42689862.mp3	3960
common_voice_nb-NO_43531872.mp3	4320
common_voice_nb-NO_43399736.mp3	4896
common_voice_nb-NO_43543588.mp3	5868
common_voice_nb-NO_43493393.mp3	4968
common_voice_nb-NO_43544906.mp3	5292
common_voice_nb-NO_43552569.mp3	2520
common_voice_nb-NO_42613813.mp3	4536
common_voice_nb-NO_42829657.mp3	2520
common_voice_nb-NO_43543662.mp3	4140
common_voice_nb-NO_43531915.mp3	4536
common_voice_nb-NO_43531315.mp3	5868
common_voice_nb-NO_43552734.mp3	4860
common_voice_nb-NO_43552715.mp3	4320
common_voice_nb-NO_43538735.mp3	2340
common_voice_nb-NO_43527866.mp3	3672
common_voice_nb-NO_43535555.mp3	6480
common_voice_nb-NO_43543540.mp3	5508
common_voice_nb-NO_43641317.mp3	3060
common_voice_nb-NO_43531866.mp3	3636
common_voice_nb-NO_43427045.mp3	3636
common_voice_nb-NO_43493337.mp3	3096
common_voice_nb-NO_43531993.mp3	2376
common_voice_nb-NO_43493193.mp3	3816
common_voice_nb-NO_43531304.mp3	3348
common_voice_nb-NO_43531321.mp3	4320
common_voice_nb-NO_43531273.mp3	4680
common_voice_nb-NO_43543492.mp3	2196
common_voice_nb-NO_42613906.mp3	4536
common_voice_nb-NO_43427051.mp3	2232
common_voice_nb-NO_43493190.mp3	3996
common_voice_nb-NO_43543541.mp3	6480
common_voice_nb-NO_43644262.mp3	4356
common_voice_nb-NO_43543601.mp3	5436
common_voice_nb-NO_43543618.mp3	3060
common_voice_nb-NO_42605103.mp3	2304
common_voice_nb-NO_43493232.mp3	4320
common_voice_nb-NO_43552580.mp3	1980
common_voice_nb-NO_43543643.mp3	3348
common_voice_nb-NO_43531758.mp3	4248
common_voice_nb-NO_43535590.mp3	6660
common_voice_nb-NO_42558250.mp3	2628
common_voice_nb-NO_43493428.mp3	4140
common_voice_nb-NO_43643601.mp3	5580
common_voice_nb-NO_42613593.mp3	3276
common_voice_nb-NO_43427035.mp3	2988
common_voice_nb-NO_43462968.mp3	2448
common_voice_nb-NO_43552596.mp3	2880
common_voice_nb-NO_43543632.mp3	3816
common_voice_nb-NO_42613878.mp3	6480
common_voice_nb-NO_42759936.mp3	3420
common_voice_nb-NO_42609995.mp3	3096
common_voice_nb-NO_43531978.mp3	3168
common_voice_nb-NO_43635965.mp3	4140
common_voice_nb-NO_42609990.mp3	3600
common_voice_nb-NO_44024879.mp3	4428
common_voice_nb-NO_43544926.mp3	3240
common_voice_nb-NO_44032284.mp3	3708
common_voice_nb-NO_43543727.mp3	4680
common_voice_nb-NO_43427028.mp3	4428
common_voice_nb-NO_43644291.mp3	2988
common_voice_nb-NO_42613566.mp3	3600
common_voice_nb-NO_43531277.mp3	6228
common_voice_nb-NO_42559555.mp3	5256
common_voice_nb-NO_43552680.mp3	2448
common_voice_nb-NO_43552667.mp3	3276
common_voice_nb-NO_44029986.mp3	2124
common_voice_nb-NO_43552563.mp3	3168
common_voice_nb-NO_43493436.mp3	1836
common_voice_nb-NO_43531782.mp3	2736
common_voice_nb-NO_43534734.mp3	3420
common_voice_nb-NO_43543630.mp3	3708
common_voice_nb-NO_43493319.mp3	3060
common_voice_nb-NO_43552613.mp3	2736
common_voice_nb-NO_43531769.mp3	5148
common_voice_nb-NO_43541512.mp3	5688
common_voice_nb-NO_43543743.mp3	4428
common_voice_nb-NO_43493417.mp3	1980
common_voice_nb-NO_43535564.mp3	3384
common_voice_nb-NO_44034017.mp3	4752
common_voice_nb-NO_42613565.mp3	2160
common_voice_nb-NO_43531990.mp3	3888
common_voice_nb-NO_43534729.mp3	4320
common_voice_nb-NO_43531907.mp3	4068
common_voice_nb-NO_42613932.mp3	2988
common_voice_nb-NO_43552700.mp3	3348
common_voice_nb-NO_43527850.mp3	4644
common_voice_nb-NO_43644398.mp3	3204
common_voice_nb-NO_43534760.mp3	2412
common_voice_nb-NO_43531918.mp3	3420
common_voice_nb-NO_43399689.mp3	3348
common_voice_nb-NO_44032220.mp3	4860
common_voice_nb-NO_43543694.mp3	5796
common_voice_nb-NO_43531781.mp3	4968
common_voice_nb-NO_43493228.mp3	3456
common_voice_nb-NO_43531983.mp3	6120
common_voice_nb-NO_43644154.mp3	4860
common_voice_nb-NO_43644451.mp3	5076
common_voice_nb-NO_44032222.mp3	4428
common_voice_nb-NO_43531927.mp3	5436
common_voice_nb-NO_43531916.mp3	2988
common_voice_nb-NO_43527919.mp3	4140
common_voice_nb-NO_43543742.mp3	3780
common_voice_nb-NO_44034762.mp3	2808
common_voice_nb-NO_43531884.mp3	2520
common_voice_nb-NO_43526213.mp3	7272
common_voice_nb-NO_44024865.mp3	4248
common_voice_nb-NO_42689851.mp3	5076
common_voice_nb-NO_43552747.mp3	4140
common_voice_nb-NO_42613805.mp3	5148
common_voice_nb-NO_43645569.mp3	2664
common_voice_nb-NO_43529168.mp3	4356
common_voice_nb-NO_43543487.mp3	1980
common_voice_nb-NO_44034759.mp3	3132
common_voice_nb-NO_42609997.mp3	3456
common_voice_nb-NO_43531920.mp3	4680
common_voice_nb-NO_43535556.mp3	6336
common_voice_nb-NO_43535528.mp3	2988
common_voice_nb-NO_43552651.mp3	4320
common_voice_nb-NO_43552637.mp3	6516
common_voice_nb-NO_43527835.mp3	3636
common_voice_nb-NO_43543725.mp3	3636
common_voice_nb-NO_43529212.mp3	6012
common_voice_nb-NO_43552690.mp3	3276
common_voice_nb-NO_43527883.mp3	2268
common_voice_nb-NO_43534686.mp3	3312
common_voice_nb-NO_43531333.mp3	5076
common_voice_nb-NO_43543708.mp3	2268
common_voice_nb-NO_43527863.mp3	5328
common_voice_nb-NO_43493185.mp3	3168
common_voice_nb-NO_43543671.mp3	6516
common_voice_nb-NO_43534744.mp3	5508
common_voice_nb-NO_43552565.mp3	2700
common_voice_nb-NO_43531771.mp3	8676
common_voice_nb-NO_43543621.mp3	5868
common_voice_nb-NO_43552692.mp3	4536
common_voice_nb-NO_43644288.mp3	5436
common_voice_nb-NO_43552729.mp3	2160
common_voice_nb-NO_43543508.mp3	3960
common_voice_nb-NO_43531892.mp3	6048
common_voice_nb-NO_43462962.mp3	2736
common_voice_nb-NO_43414690.mp3	5400
common_voice_nb-NO_43552674.mp3	3528
common_voice_nb-NO_43427030.mp3	3816
common_voice_nb-NO_43538727.mp3	7524
common_voice_nb-NO_43531909.mp3	4608
common_voice_nb-NO_42613849.mp3	2376
common_voice_nb-NO_43493410.mp3	3528
common_voice_nb-NO_43535559.mp3	4068
common_voice_nb-NO_42558243.mp3	4392
common_voice_nb-NO_43543636.mp3	4860
common_voice_nb-NO_43493209.mp3	2556
common_voice_nb-NO_44032308.mp3	6480
common_voice_nb-NO_43644153.mp3	5436
common_voice_nb-NO_43552661.mp3	5796
common_voice_nb-NO_43635984.mp3	2916
common_voice_nb-NO_43535574.mp3	3996
common_voice_nb-NO_43543653.mp3	5976
common_voice_nb-NO_43552550.mp3	4608
common_voice_nb-NO_43552712.mp3	3060
common_voice_nb-NO_43537103.mp3	4032
common_voice_nb-NO_43493128.mp3	3816
common_voice_nb-NO_43645995.mp3	3240
common_voice_nb-NO_42829645.mp3	5220
common_voice_nb-NO_42609975.mp3	5256
common_voice_nb-NO_43543596.mp3	3816
common_voice_nb-NO_43543600.mp3	5148
common_voice_nb-NO_43531779.mp3	4320
common_voice_nb-NO_43537107.mp3	5400
common_voice_nb-NO_43493255.mp3	2340
common_voice_nb-NO_43543747.mp3	3060
common_voice_nb-NO_43552643.mp3	2736
common_voice_nb-NO_43531793.mp3	2556
common_voice_nb-NO_43543675.mp3	5508
common_voice_nb-NO_43531839.mp3	3780
common_voice_nb-NO_42613757.mp3	3816
common_voice_nb-NO_43531780.mp3	4248
common_voice_nb-NO_42613865.mp3	1836
common_voice_nb-NO_43543659.mp3	4896
common_voice_nb-NO_43531308.mp3	6048
common_voice_nb-NO_43644285.mp3	5400
common_voice_nb-NO_44032288.mp3	2268
common_voice_nb-NO_43531847.mp3	2808
common_voice_nb-NO_42613585.mp3	4788
common_voice_nb-NO_42605086.mp3	3924
common_voice_nb-NO_43541519.mp3	4212
common_voice_nb-NO_42613588.mp3	3960
common_voice_nb-NO_42576462.mp3	3348
common_voice_nb-NO_43414687.mp3	2520
common_voice_nb-NO_42558204.mp3	3024
common_voice_nb-NO_43399739.mp3	2628
common_voice_nb-NO_42829655.mp3	3528
common_voice_nb-NO_43543495.mp3	4356
common_voice_nb-NO_43535567.mp3	4572
common_voice_nb-NO_43552670.mp3	2340
common_voice_nb-NO_43535540.mp3	4104
common_voice_nb-NO_43645992.mp3	5400
common_voice_nb-NO_42613846.mp3	4176
common_voice_nb-NO_43399747.mp3	5040
common_voice_nb-NO_43427006.mp3	5544
common_voice_nb-NO_43527829.mp3	5652
common_voice_nb-NO_42576465.mp3	3096
common_voice_nb-NO_42558251.mp3	6156
common_voice_nb-NO_43552699.mp3	3240
common_voice_nb-NO_43636043.mp3	4860
common_voice_nb-NO_43543494.mp3	1908
common_voice_nb-NO_42610026.mp3	4788
common_voice_nb-NO_42488980.mp3	4068
common_voice_nb-NO_42613827.mp3	3528
common_voice_nb-NO_43531887.mp3	1908
common_voice_nb-NO_43531860.mp3	4680
common_voice_nb-NO_42559530.mp3	4968
common_voice_nb-NO_43643626.mp3	4068
common_voice_nb-NO_44032311.mp3	3780
common_voice_nb-NO_42613663.mp3	2448
common_voice_nb-NO_43535543.mp3	6192
common_voice_nb-NO_44031247.mp3	5220
common_voice_nb-NO_43531975.mp3	3456
common_voice_nb-NO_42613598.mp3	3996
common_voice_nb-NO_43537098.mp3	6840
common_voice_nb-NO_43535519.mp3	4176
common_voice_nb-NO_43543692.mp3	6768
common_voice_nb-NO_43643873.mp3	5724
common_voice_nb-NO_43493429.mp3	3168
common_voice_nb-NO_42682506.mp3	6948
common_voice_nb-NO_43544892.mp3	4104
common_voice_nb-NO_43543740.mp3	3960
common_voice_nb-NO_43493392.mp3	5040
common_voice_nb-NO_43531324.mp3	4500
common_voice_nb-NO_43493130.mp3	4536
common_voice_nb-NO_43427063.mp3	2700
common_voice_nb-NO_43462986.mp3	5688
common_voice_nb-NO_43535558.mp3	4608
common_voice_nb-NO_42605100.mp3	2304
common_voice_nb-NO_44032226.mp3	1908
common_voice_nb-NO_43541531.mp3	2916
common_voice_nb-NO_43531861.mp3	5760
common_voice_nb-NO_43531914.mp3	3240
common_voice_nb-NO_43538742.mp3	4896
common_voice_nb-NO_43543510.mp3	6696
common_voice_nb-NO_42575695.mp3	5400
common_voice_nb-NO_43541541.mp3	4140
common_voice_nb-NO_43543519.mp3	3708
common_voice_nb-NO_43399711.mp3	6048
common_voice_nb-NO_42613568.mp3	4356
common_voice_nb-NO_43531911.mp3	1800
common_voice_nb-NO_43531815.mp3	4500
common_voice_nb-NO_43933486.mp3	7380
common_voice_nb-NO_43552653.mp3	3600
common_voice_nb-NO_43527910.mp3	4212
common_voice_nb-NO_43493385.mp3	3348
common_voice_nb-NO_43493308.mp3	2880
common_voice_nb-NO_44034726.mp3	1980
common_voice_nb-NO_44031044.mp3	2988
common_voice_nb-NO_43531995.mp3	3996
common_voice_nb-NO_42610029.mp3	2880
common_voice_nb-NO_43552555.mp3	2376
common_voice_nb-NO_43543520.mp3	4608
common_voice_nb-NO_43543726.mp3	3636
common_voice_nb-NO_43531996.mp3	8496
common_voice_nb-NO_43543695.mp3	2160
common_voice_nb-NO_43529210.mp3	3816
common_voice_nb-NO_43493202.mp3	2736
common_voice_nb-NO_43543748.mp3	3456
common_voice_nb-NO_43552683.mp3	3240
common_voice_nb-NO_43239234.mp3	8496
common_voice_nb-NO_42613617.mp3	3096
common_voice_nb-NO_43541529.mp3	6300
common_voice_nb-NO_43927316.mp3	4716
common_voice_nb-NO_43552557.mp3	2016
common_voice_nb-NO_42575792.mp3	3888
common_voice_nb-NO_42829654.mp3	3600
common_voice_nb-NO_43531919.mp3	4428
common_voice_nb-NO_43552645.mp3	2916
common_voice_nb-NO_43414686.mp3	4860
common_voice_nb-NO_43927312.mp3	2520
common_voice_nb-NO_43552652.mp3	2916
common_voice_nb-NO_43527862.mp3	5652
common_voice_nb-NO_43462992.mp3	3636
common_voice_nb-NO_43543720.mp3	8820
common_voice_nb-NO_43543477.mp3	3168
common_voice_nb-NO_43534690.mp3	3744
common_voice_nb-NO_43531897.mp3	6840
common_voice_nb-NO_42575791.mp3	8424
common_voice_nb-NO_43552558.mp3	5256
common_voice_nb-NO_43493412.mp3	4176
common_voice_nb-NO_43531946.mp3	2268
common_voice_nb-NO_43552721.mp3	3348
common_voice_nb-NO_43543560.mp3	4428
common_voice_nb-NO_43534706.mp3	6588
common_voice_nb-NO_43529197.mp3	4536
common_voice_nb-NO_43544933.mp3	2664
common_voice_nb-NO_43543676.mp3	4356
common_voice_nb-NO_43535533.mp3	2988
common_voice_nb-NO_43543623.mp3	2376
common_voice_nb-NO_43531966.mp3	4860
common_voice_nb-NO_43552711.mp3	3060
common_voice_nb-NO_43543639.mp3	4896
common_voice_nb-NO_43534740.mp3	3348
common_voice_nb-NO_43414694.mp3	2448
common_voice_nb-NO_43529207.mp3	2412
common_voice_nb-NO_43529206.mp3	2340
common_voice_nb-NO_43194198.mp3	6120
common_voice_nb-NO_43538739.mp3	7776
common_voice_nb-NO_43552570.mp3	3060
common_voice_nb-NO_43531852.mp3	6480
common_voice_nb-NO_43543668.mp3	3780
common_voice_nb-NO_43543537.mp3	5580
common_voice_nb-NO_43527882.mp3	3960
common_voice_nb-NO_43493253.mp3	3708
common_voice_nb-NO_42613754.mp3	2700
common_voice_nb-NO_43543581.mp3	6768
common_voice_nb-NO_42559584.mp3	4320
common_voice_nb-NO_43543578.mp3	7488
common_voice_nb-NO_43535550.mp3	4212
common_voice_nb-NO_44024776.mp3	3996
common_voice_nb-NO_43531822.mp3	3060
common_voice_nb-NO_43493284.mp3	5616
common_voice_nb-NO_43646110.mp3	5580
common_voice_nb-NO_43531917.mp3	5436
common_voice_nb-NO_42575793.mp3	3672
common_voice_nb-NO_43462982.mp3	5328
common_voice_nb-NO_42613917.mp3	3348
common_voice_nb-NO_43531290.mp3	3420
common_voice_nb-NO_43493281.mp3	3816
common_voice_nb-NO_43538725.mp3	4752
common_voice_nb-NO_43543524.mp3	5760
common_voice_nb-NO_43531292.mp3	4356
common_voice_nb-NO_43534675.mp3	6120
common_voice_nb-NO_43427050.mp3	4680
common_voice_nb-NO_42613499.mp3	4356
common_voice_nb-NO_44032303.mp3	3780
common_voice_nb-NO_43531326.mp3	3996
common_voice_nb-NO_43644287.mp3	8244
common_voice_nb-NO_43529158.mp3	4464
common_voice_nb-NO_43526218.mp3	5688
common_voice_nb-NO_43534712.mp3	3708
common_voice_nb-NO_43643872.mp3	5184
common_voice_nb-NO_42682481.mp3	4500
common_voice_nb-NO_43531350.mp3	5040
common_voice_nb-NO_43552726.mp3	1728
common_voice_nb-NO_43636042.mp3	5688
common_voice_nb-NO_44032313.mp3	3888
common_voice_nb-NO_43531925.mp3	2160
common_voice_nb-NO_43635960.mp3	5220
common_voice_nb-NO_43543661.mp3	3240
common_voice_nb-NO_43543610.mp3	2448
common_voice_nb-NO_43552598.mp3	3420
common_voice_nb-NO_43636041.mp3	5688
common_voice_nb-NO_42613556.mp3	2880
common_voice_nb-NO_43493267.mp3	4428
common_voice_nb-NO_42682569.mp3	3636
common_voice_nb-NO_43527927.mp3	5184
common_voice_nb-NO_43531969.mp3	3888
common_voice_nb-NO_42613555.mp3	4788
common_voice_nb-NO_42682571.mp3	5148
common_voice_nb-NO_44032211.mp3	4824
common_voice_nb-NO_43552673.mp3	3096
common_voice_nb-NO_43531791.mp3	3888
common_voice_nb-NO_43527847.mp3	6768
common_voice_nb-NO_43537106.mp3	10260
common_voice_nb-NO_43493384.mp3	4356
common_voice_nb-NO_43541524.mp3	3096
common_voice_nb-NO_42682499.mp3	5400
common_voice_nb-NO_43531787.mp3	2736
common_voice_nb-NO_43534716.mp3	2736
common_voice_nb-NO_42759934.mp3	7524
common_voice_nb-NO_42576469.mp3	4356
common_voice_nb-NO_43535579.mp3	3132
common_voice_nb-NO_43531363.mp3	2736
common_voice_nb-NO_42613680.mp3	4428
common_voice_nb-NO_43544897.mp3	3996
common_voice_nb-NO_43493210.mp3	2700
common_voice_nb-NO_43543640.mp3	2160
common_voice_nb-NO_43644448.mp3	2808
common_voice_nb-NO_43552657.mp3	4608
common_voice_nb-NO_43531876.mp3	5220
common_voice_nb-NO_43531274.mp3	3348
common_voice_nb-NO_42613576.mp3	3996
common_voice_nb-NO_42609996.mp3	4608
common_voice_nb-NO_43933556.mp3	3600
common_voice_nb-NO_43543759.mp3	4500
common_voice_nb-NO_43531305.mp3	2808
common_voice_nb-NO_43543749.mp3	6048
common_voice_nb-NO_42613705.mp3	3168
common_voice_nb-NO_42605089.mp3	2880
common_voice_nb-NO_43643629.mp3	3420
common_voice_nb-NO_43493162.mp3	2628
common_voice_nb-NO_43552650.mp3	2736
common_voice_nb-NO_42605084.mp3	4536
common_voice_nb-NO_43493354.mp3	3168
common_voice_nb-NO_43529183.mp3	4068
common_voice_nb-NO_42613586.mp3	3816
common_voice_nb-NO_43552725.mp3	3996
common_voice_nb-NO_43527828.mp3	3096
common_voice_nb-NO_43552620.mp3	3240
common_voice_nb-NO_42466889.mp3	5400
common_voice_nb-NO_43427062.mp3	3996
common_voice_nb-NO_43552662.mp3	4608
common_voice_nb-NO_43541536.mp3	3348
common_voice_nb-NO_43531287.mp3	4968
common_voice_nb-NO_43531895.mp3	2160
common_voice_nb-NO_43493133.mp3	5796
common_voice_nb-NO_43493298.mp3	1836
common_voice_nb-NO_43534725.mp3	3132
common_voice_nb-NO_43552658.mp3	4176
common_voice_nb-NO_43644239.mp3	4752
common_voice_nb-NO_42610007.mp3	2700
common_voice_nb-NO_42682482.mp3	6480
common_voice_nb-NO_42488982.mp3	3456
common_voice_nb-NO_43527908.mp3	4284
common_voice_nb-NO_43493353.mp3	4500
common_voice_nb-NO_42575692.mp3	4860
common_voice_nb-NO_43543670.mp3	7056
common_voice_nb-NO_43462964.mp3	3636
common_voice_nb-NO_43543756.mp3	2088
common_voice_nb-NO_42558247.mp3	4248
common_voice_nb-NO_43544894.mp3	3420
common_voice_nb-NO_43493166.mp3	4788
common_voice_nb-NO_43538745.mp3	3456
common_voice_nb-NO_42613614.mp3	3996
common_voice_nb-NO_43543518.mp3	5148
common_voice_nb-NO_43531845.mp3	5256
common_voice_nb-NO_43534694.mp3	3708
common_voice_nb-NO_43541514.mp3	2736
common_voice_nb-NO_43541532.mp3	3816
common_voice_nb-NO_43531339.mp3	4896
common_voice_nb-NO_43527834.mp3	4176
common_voice_nb-NO_43529160.mp3	4068
common_voice_nb-NO_43543500.mp3	3060
common_voice_nb-NO_43552610.mp3	3960
common_voice_nb-NO_43531303.mp3	2196
common_voice_nb-NO_43493148.mp3	4788
common_voice_nb-NO_42682504.mp3	3636
common_voice_nb-NO_43493297.mp3	4680
common_voice_nb-NO_43531859.mp3	4068
common_voice_nb-NO_43531987.mp3	2988
common_voice_nb-NO_43427021.mp3	2016
common_voice_nb-NO_43552614.mp3	3780
common_voice_nb-NO_43527880.mp3	2736
common_voice_nb-NO_43527841.mp3	5184
common_voice_nb-NO_43543752.mp3	4500
common_voice_nb-NO_43543703.mp3	5148
common_voice_nb-NO_43531836.mp3	2160
common_voice_nb-NO_43543562.mp3	4536
common_voice_nb-NO_43537114.mp3	4536
common_voice_nb-NO_42613557.mp3	3780
common_voice_nb-NO_43531856.mp3	2268
common_voice_nb-NO_43643628.mp3	5580
common_voice_nb-NO_43543716.mp3	2916
common_voice_nb-NO_43543750.mp3	3420
common_voice_nb-NO_43543721.mp3	6048
common_voice_nb-NO_43527831.mp3	2844
common_voice_nb-NO_43543702.mp3	5220
common_voice_nb-NO_43543667.mp3	2268
common_voice_nb-NO_43531838.mp3	4248
common_voice_nb-NO_43531276.mp3	5580
common_voice_nb-NO_43531926.mp3	2988
common_voice_nb-NO_43543628.mp3	4176
common_voice_nb-NO_43526214.mp3	5292
common_voice_nb-NO_43543697.mp3	7848
common_voice_nb-NO_43537116.mp3	3528
common_voice_nb-NO_42558226.mp3	3672
common_voice_nb-NO_43543489.mp3	4140
common_voice_nb-NO_43462972.mp3	4896
common_voice_nb-NO_43535589.mp3	4644
common_voice_nb-NO_43541510.mp3	2808
common_voice_nb-NO_43427064.mp3	3420
common_voice_nb-NO_43552676.mp3	3636
common_voice_nb-NO_43531971.mp3	2736
common_voice_nb-NO_43543657.mp3	2700
common_voice_nb-NO_43493274.mp3	2160
common_voice_nb-NO_43462987.mp3	5436
common_voice_nb-NO_42610012.mp3	4608
common_voice_nb-NO_42759937.mp3	6228
common_voice_nb-NO_43543488.mp3	4320
common_voice_nb-NO_43527845.mp3	4500
common_voice_nb-NO_42610025.mp3	4140
common_voice_nb-NO_43529156.mp3	3456
common_voice_nb-NO_43529167.mp3	6336
common_voice_nb-NO_43543669.mp3	4896
common_voice_nb-NO_44034013.mp3	5904
common_voice_nb-NO_43527878.mp3	3924
common_voice_nb-NO_42610027.mp3	3060
common_voice_nb-NO_44032310.mp3	6408
common_voice_nb-NO_43552585.mp3	2196
common_voice_nb-NO_43535553.mp3	8424
common_voice_nb-NO_43493435.mp3	4896
common_voice_nb-NO_43552718.mp3	3420
common_voice_nb-NO_43399737.mp3	5616
common_voice_nb-NO_43531934.mp3	2700
common_voice_nb-NO_43635962.mp3	5328
common_voice_nb-NO_42613850.mp3	4500
common_voice_nb-NO_43493289.mp3	3348
common_voice_nb-NO_43535571.mp3	2376
common_voice_nb-NO_43543648.mp3	5148
common_voice_nb-NO_43552559.mp3	4860
common_voice_nb-NO_42576464.mp3	3456
common_voice_nb-NO_43531882.mp3	3096
common_voice_nb-NO_43544909.mp3	8424
common_voice_nb-NO_44032354.mp3	4968
common_voice_nb-NO_43531823.mp3	5436
common_voice_nb-NO_43493378.mp3	2088
common_voice_nb-NO_43537110.mp3	2232
common_voice_nb-NO_43543615.mp3	8640
common_voice_nb-NO_43531800.mp3	5616
common_voice_nb-NO_42610038.mp3	2340
common_voice_nb-NO_43535542.mp3	3888
common_voice_nb-NO_43194260.mp3	3600
common_voice_nb-NO_43543619.mp3	3888
common_voice_nb-NO_42613498.mp3	4860
common_voice_nb-NO_42605096.mp3	3384
common_voice_nb-NO_43531942.mp3	2268
common_voice_nb-NO_43414689.mp3	5220
common_voice_nb-NO_43531921.mp3	2088
common_voice_nb-NO_44034717.mp3	5112
common_voice_nb-NO_43543645.mp3	5040
common_voice_nb-NO_44024775.mp3	2700
common_voice_nb-NO_42613905.mp3	5508
common_voice_nb-NO_43541513.mp3	2916
common_voice_nb-NO_43493413.mp3	4068
common_voice_nb-NO_43527837.mp3	5508
common_voice_nb-NO_43543658.mp3	5868
common_voice_nb-NO_44034721.mp3	3312
common_voice_nb-NO_43543681.mp3	5976
common_voice_nb-NO_43534689.mp3	3780
common_voice_nb-NO_43197561.mp3	5688
common_voice_nb-NO_43527900.mp3	4716
common_voice_nb-NO_43531888.mp3	4716
common_voice_nb-NO_43543705.mp3	5400
common_voice_nb-NO_43529180.mp3	4356
common_voice_nb-NO_43531776.mp3	4536
common_voice_nb-NO_43541538.mp3	5364
common_voice_nb-NO_43543637.mp3	5616
common_voice_nb-NO_43531810.mp3	3060
common_voice_nb-NO_43552655.mp3	3168
common_voice_nb-NO_43527918.mp3	3276
common_voice_nb-NO_42575795.mp3	3060
common_voice_nb-NO_43534752.mp3	5292
common_voice_nb-NO_43543757.mp3	2880
common_voice_nb-NO_43643727.mp3	2808
common_voice_nb-NO_43531941.mp3	3708
common_voice_nb-NO_43644296.mp3	3924
common_voice_nb-NO_42575693.mp3	4968
common_voice_nb-NO_43552691.mp3	2268
common_voice_nb-NO_43552549.mp3	2628
common_voice_nb-NO_43538721.mp3	3780
common_voice_nb-NO_42921751.mp3	4680
common_voice_nb-NO_42558203.mp3	3996
common_voice_nb-NO_43535521.mp3	2016
common_voice_nb-NO_43534687.mp3	2412
common_voice_nb-NO_43543646.mp3	6768
common_voice_nb-NO_43531309.mp3	4968
common_voice_nb-NO_43531832.mp3	7056
common_voice_nb-NO_43493147.mp3	3780
common_voice_nb-NO_43493137.mp3	2736
common_voice_nb-NO_43535517.mp3	3744
common_voice_nb-NO_43493175.mp3	4248
common_voice_nb-NO_42689865.mp3	6048
common_voice_nb-NO_43531878.mp3	2628
common_voice_nb-NO_43531808.mp3	2520
common_voice_nb-NO_43493321.mp3	3060
common_voice_nb-NO_42689863.mp3	5400
common_voice_nb-NO_42558222.mp3	4644
common_voice_nb-NO_43531279.mp3	3420
common_voice_nb-NO_43552552.mp3	4428
common_voice_nb-NO_43493409.mp3	3816
common_voice_nb-NO_42613814.mp3	2736
common_voice_nb-NO_43529161.mp3	4932
common_voice_nb-NO_43552600.mp3	2088
common_voice_nb-NO_43531988.mp3	2880
common_voice_nb-NO_43531944.mp3	4068
common_voice_nb-NO_43538734.mp3	4968
common_voice_nb-NO_43493257.mp3	5868
common_voice_nb-NO_43531342.mp3	4428
common_voice_nb-NO_44031251.mp3	7128
common_voice_nb-NO_43534733.mp3	4824
common_voice_nb-NO_43493285.mp3	3348
common_voice_nb-NO_42613567.mp3	2736
common_voice_nb-NO_43635972.mp3	5580
common_voice_nb-NO_43552719.mp3	2520
common_voice_nb-NO_42610032.mp3	2808
common_voice_nb-NO_43543660.mp3	3780
common_voice_nb-NO_43493442.mp3	2268
common_voice_nb-NO_43644149.mp3	2448
common_voice_nb-NO_42559572.mp3	4716
common_voice_nb-NO_43535526.mp3	4464
common_voice_nb-NO_43531316.mp3	1836
common_voice_nb-NO_43927314.mp3	4788
common_voice_nb-NO_43531805.mp3	6048
common_voice_nb-NO_42613867.mp3	4176
common_voice_nb-NO_43543499.mp3	3348
common_voice_nb-NO_42605082.mp3	2556
common_voice_nb-NO_42559633.mp3	4968
common_voice_nb-NO_43552664.mp3	2340
common_voice_nb-NO_42575772.mp3	4392
common_voice_nb-NO_43635989.mp3	4536
common_voice_nb-NO_43527884.mp3	4860
common_voice_nb-NO_43643698.mp3	4032
common_voice_nb-NO_43644292.mp3	5148
common_voice_nb-NO_43552591.mp3	3420
common_voice_nb-NO_43544900.mp3	2700
common_voice_nb-NO_43534684.mp3	2916
common_voice_nb-NO_43493408.mp3	2700
common_voice_nb-NO_43531764.mp3	5148
common_voice_nb-NO_43493368.mp3	3060
common_voice_nb-NO_43531896.mp3	3168
common_voice_nb-NO_43527902.mp3	3888
common_voice_nb-NO_42613495.mp3	6768
common_voice_nb-NO_43531973.mp3	5508
common_voice_nb-NO_43552581.mp3	2556
common_voice_nb-NO_43493438.mp3	3168
common_voice_nb-NO_43644241.mp3	7128
common_voice_nb-NO_43535587.mp3	4392
common_voice_nb-NO_43531346.mp3	3708
common_voice_nb-NO_43527849.mp3	2340
common_voice_nb-NO_43463013.mp3	6336
common_voice_nb-NO_43527921.mp3	3420
common_voice_nb-NO_43527852.mp3	4536
common_voice_nb-NO_43641314.mp3	5220
common_voice_nb-NO_43493414.mp3	3096
common_voice_nb-NO_43933559.mp3	4500
common_voice_nb-NO_43543755.mp3	4608
common_voice_nb-NO_43535544.mp3	3672
common_voice_nb-NO_43527869.mp3	3780
common_voice_nb-NO_43537097.mp3	5940
common_voice_nb-NO_43635982.mp3	5688
common_voice_nb-NO_42613879.mp3	3060
common_voice_nb-NO_43529153.mp3	4608
common_voice_nb-NO_44032247.mp3	4608
common_voice_nb-NO_43493230.mp3	2700
common_voice_nb-NO_43531816.mp3	2340
common_voice_nb-NO_43531792.mp3	4860
common_voice_nb-NO_44105227.mp3	2988
common_voice_nb-NO_43552731.mp3	2016
common_voice_nb-NO_43552621.mp3	2880
common_voice_nb-NO_43552666.mp3	3960
common_voice_nb-NO_43529187.mp3	6084
common_voice_nb-NO_43543737.mp3	4536
common_voice_nb-NO_43531879.mp3	2268
common_voice_nb-NO_43635987.mp3	3600
common_voice_nb-NO_42575691.mp3	5220
common_voice_nb-NO_42559535.mp3	8460
common_voice_nb-NO_43927182.mp3	4500
common_voice_nb-NO_43527861.mp3	3996
common_voice_nb-NO_43543566.mp3	8820
common_voice_nb-NO_44024779.mp3	4500
common_voice_nb-NO_43534732.mp3	2880
common_voice_nb-NO_43427043.mp3	2736
common_voice_nb-NO_43543502.mp3	5076
common_voice_nb-NO_43543593.mp3	6840
common_voice_nb-NO_43529205.mp3	4932
common_voice_nb-NO_43531351.mp3	4608
common_voice_nb-NO_43643746.mp3	4212
common_voice_nb-NO_43552746.mp3	3060
common_voice_nb-NO_43645227.mp3	3888
common_voice_nb-NO_44029985.mp3	2340
common_voice_nb-NO_43644265.mp3	5652
common_voice_nb-NO_42613544.mp3	4860
common_voice_nb-NO_43543577.mp3	3456
common_voice_nb-NO_43463005.mp3	3456
common_voice_nb-NO_43543516.mp3	2376
common_voice_nb-NO_42609973.mp3	6336
common_voice_nb-NO_43643726.mp3	2700
common_voice_nb-NO_43531340.mp3	3888
common_voice_nb-NO_43541542.mp3	2340
common_voice_nb-NO_43529216.mp3	3636
common_voice_nb-NO_43531851.mp3	3276
common_voice_nb-NO_43645572.mp3	5256
common_voice_nb-NO_43644284.mp3	2916
common_voice_nb-NO_42559630.mp3	4320
common_voice_nb-NO_43552724.mp3	2556
common_voice_nb-NO_43552679.mp3	4176
common_voice_nb-NO_43531288.mp3	5580
common_voice_nb-NO_43529220.mp3	4932
common_voice_nb-NO_42829651.mp3	3456
common_voice_nb-NO_44035057.mp3	6804
common_voice_nb-NO_44032315.mp3	3060
common_voice_nb-NO_42682479.mp3	5328
common_voice_nb-NO_43636050.mp3	3276
common_voice_nb-NO_43493325.mp3	4068
common_voice_nb-NO_44034555.mp3	2664
common_voice_nb-NO_43194200.mp3	3564
common_voice_nb-NO_42488979.mp3	7596
common_voice_nb-NO_43493164.mp3	5436
common_voice_nb-NO_42613543.mp3	4716
common_voice_nb-NO_43463008.mp3	5400
common_voice_nb-NO_42610005.mp3	4068
common_voice_nb-NO_43927315.mp3	2268
common_voice_nb-NO_42613558.mp3	4140
common_voice_nb-NO_43644266.mp3	5436
common_voice_nb-NO_42613703.mp3	1728
common_voice_nb-NO_42829658.mp3	4716
common_voice_nb-NO_42610045.mp3	4248
common_voice_nb-NO_43543689.mp3	2196
common_voice_nb-NO_43552594.mp3	3780
common_voice_nb-NO_43644264.mp3	5472
common_voice_nb-NO_43544925.mp3	2988
common_voice_nb-NO_43543644.mp3	3240
common_voice_nb-NO_43531835.mp3	6300
common_voice_nb-NO_44023076.mp3	4284
common_voice_nb-NO_43493339.mp3	3168
common_voice_nb-NO_43535524.mp3	2016
common_voice_nb-NO_43427025.mp3	4176
common_voice_nb-NO_43552704.mp3	4608
common_voice_nb-NO_43531811.mp3	3636
common_voice_nb-NO_43531774.mp3	4500
common_voice_nb-NO_43493300.mp3	2556
common_voice_nb-NO_42613915.mp3	2448
common_voice_nb-NO_43544932.mp3	3816
common_voice_nb-NO_44030115.mp3	4716
common_voice_nb-NO_43543591.mp3	5076
common_voice_nb-NO_44030122.mp3	1908
common_voice_nb-NO_43463001.mp3	3420
common_voice_nb-NO_43531932.mp3	3816
common_voice_nb-NO_43538740.mp3	7632
common_voice_nb-NO_43643699.mp3	3096
common_voice_nb-NO_43535561.mp3	6840
common_voice_nb-NO_43552556.mp3	6120
common_voice_nb-NO_43493441.mp3	3276
common_voice_nb-NO_42682480.mp3	4608
common_voice_nb-NO_42613847.mp3	3276
common_voice_nb-NO_43531945.mp3	5508
common_voice_nb-NO_43462963.mp3	3636
common_voice_nb-NO_43534715.mp3	2556
common_voice_nb-NO_44034015.mp3	4500
common_voice_nb-NO_43543739.mp3	4176
common_voice_nb-NO_42689864.mp3	6516
common_voice_nb-NO_44029983.mp3	3744
common_voice_nb-NO_43933490.mp3	8856
common_voice_nb-NO_43527871.mp3	3276
common_voice_nb-NO_44023079.mp3	2268
common_voice_nb-NO_43531947.mp3	3708
common_voice_nb-NO_43534714.mp3	3492
common_voice_nb-NO_43531317.mp3	7020
common_voice_nb-NO_43534762.mp3	5472
common_voice_nb-NO_42613613.mp3	4248
common_voice_nb-NO_43644450.mp3	4752
common_voice_nb-NO_43644146.mp3	2556
common_voice_nb-NO_43552623.mp3	3240
common_voice_nb-NO_43552696.mp3	2376
common_voice_nb-NO_42829643.mp3	4608
common_voice_nb-NO_42613479.mp3	4428
common_voice_nb-NO_43531883.mp3	4500
common_voice_nb-NO_43531855.mp3	5760
common_voice_nb-NO_43645231.mp3	3204
common_voice_nb-NO_43552722.mp3	2700
common_voice_nb-NO_43644238.mp3	5112
common_voice_nb-NO_43552617.mp3	2016
common_voice_nb-NO_43527836.mp3	3780
common_voice_nb-NO_42605081.mp3	2556
common_voice_nb-NO_44035059.mp3	4644
common_voice_nb-NO_42575794.mp3	4356
common_voice_nb-NO_43493345.mp3	3708
common_voice_nb-NO_43493269.mp3	4068
common_voice_nb-NO_43529182.mp3	3780
common_voice_nb-NO_42610040.mp3	4320
common_voice_nb-NO_43636053.mp3	4176
common_voice_nb-NO_43493136.mp3	2340
common_voice_nb-NO_42613541.mp3	2736
common_voice_nb-NO_43552660.mp3	5760
common_voice_nb-NO_43493310.mp3	3996
common_voice_nb-NO_43493379.mp3	4176
common_voice_nb-NO_42610030.mp3	3096
common_voice_nb-NO_42829652.mp3	2556
common_voice_nb-NO_43527858.mp3	3996
common_voice_nb-NO_43543704.mp3	5976
common_voice_nb-NO_43399746.mp3	4068
common_voice_nb-NO_43538726.mp3	3888
common_voice_nb-NO_43644283.mp3	2484
common_voice_nb-NO_42613528.mp3	2160
common_voice_nb-NO_43644196.mp3	3204
common_voice_nb-NO_43537111.mp3	3924
common_voice_nb-NO_43645568.mp3	7596
common_voice_nb-NO_42856540.mp3	3924
common_voice_nb-NO_43543656.mp3	1980
common_voice_nb-NO_43535546.mp3	5328
common_voice_nb-NO_42610042.mp3	5220
common_voice_nb-NO_43534750.mp3	5112
common_voice_nb-NO_43552568.mp3	3456
common_voice_nb-NO_43543527.mp3	5760
common_voice_nb-NO_42921750.mp3	4716
common_voice_nb-NO_43427023.mp3	4428
common_voice_nb-NO_43531347.mp3	5256
common_voice_nb-NO_44024859.mp3	3276
common_voice_nb-NO_42558225.mp3	5040
common_voice_nb-NO_43531873.mp3	2808
common_voice_nb-NO_43493415.mp3	2448
common_voice_nb-NO_43552588.mp3	5508
common_voice_nb-NO_42613600.mp3	8136
common_voice_nb-NO_43534683.mp3	4284
common_voice_nb-NO_43529214.mp3	4644
common_voice_nb-NO_43535569.mp3	2340
common_voice_nb-NO_43544905.mp3	4788
common_voice_nb-NO_43543651.mp3	5796
common_voice_nb-NO_43544920.mp3	5580
common_voice_nb-NO_43531977.mp3	3888
common_voice_nb-NO_43462973.mp3	5220
common_voice_nb-NO_43544913.mp3	5652
common_voice_nb-NO_43531285.mp3	5436
common_voice_nb-NO_43543665.mp3	6480
common_voice_nb-NO_42921749.mp3	5544
common_voice_nb-NO_43531812.mp3	4140
common_voice_nb-NO_42613775.mp3	3348
common_voice_nb-NO_43527888.mp3	4212
common_voice_nb-NO_43427053.mp3	4788
common_voice_nb-NO_43531271.mp3	3708
common_voice_nb-NO_43493150.mp3	2628
common_voice_nb-NO_43552586.mp3	2880
common_voice_nb-NO_42613646.mp3	3168
common_voice_nb-NO_43543735.mp3	2268
common_voice_nb-NO_42613591.mp3	4176
common_voice_nb-NO_42613496.mp3	3816
common_voice_nb-NO_43531804.mp3	2016
common_voice_nb-NO_42575694.mp3	6480
common_voice_nb-NO_43552686.mp3	1728
common_voice_nb-NO_43493426.mp3	4716
common_voice_nb-NO_43543490.mp3	6768
common_voice_nb-NO_43399738.mp3	3996
common_voice_nb-NO_42613525.mp3	3636
common_voice_nb-NO_43531265.mp3	7488
common_voice_nb-NO_43543616.mp3	5220
common_voice_nb-NO_42613592.mp3	4968
common_voice_nb-NO_43543751.mp3	4068
common_voice_nb-NO_43529179.mp3	7020
common_voice_nb-NO_43535578.mp3	5544
common_voice_nb-NO_44034080.mp3	2916
common_voice_nb-NO_42559587.mp3	4140
common_voice_nb-NO_43463002.mp3	6048
common_voice_nb-NO_43399719.mp3	4536
common_voice_nb-NO_43463003.mp3	3960
common_voice_nb-NO_42559554.mp3	6300
common_voice_nb-NO_43552608.mp3	2808
common_voice_nb-NO_43531985.mp3	3420
common_voice_nb-NO_43541533.mp3	6444
common_voice_nb-NO_43527924.mp3	1980
common_voice_nb-NO_43493419.mp3	1980
common_voice_nb-NO_43529213.mp3	3816
common_voice_nb-NO_43493329.mp3	4860
common_voice_nb-NO_43644237.mp3	7344
common_voice_nb-NO_43552560.mp3	5940
common_voice_nb-NO_42613901.mp3	3456
common_voice_nb-NO_43194199.mp3	5832
common_voice_nb-NO_43537096.mp3	6516
common_voice_nb-NO_43535563.mp3	3168
common_voice_nb-NO_43933553.mp3	5148
common_voice_nb-NO_43529203.mp3	4860
common_voice_nb-NO_43529190.mp3	2556
common_voice_nb-NO_43538736.mp3	4032
common_voice_nb-NO_43538733.mp3	5508
common_voice_nb-NO_44032209.mp3	7344
common_voice_nb-NO_43643871.mp3	5652
common_voice_nb-NO_43552654.mp3	2268
common_voice_nb-NO_43535573.mp3	2880
common_voice_nb-NO_43194201.mp3	2232
common_voice_nb-NO_43635957.mp3	11520
common_voice_nb-NO_43526219.mp3	5688
common_voice_nb-NO_42682476.mp3	5148
common_voice_nb-NO_43535570.mp3	4068
common_voice_nb-NO_43427018.mp3	4752
common_voice_nb-NO_42575771.mp3	4716
common_voice_nb-NO_43531949.mp3	5328
common_voice_nb-NO_43463012.mp3	3708
common_voice_nb-NO_43527876.mp3	6192
common_voice_nb-NO_43552615.mp3	4608
common_voice_nb-NO_43544903.mp3	3384
common_voice_nb-NO_43552638.mp3	3600
common_voice_nb-NO_43644240.mp3	6912
common_voice_nb-NO_43543474.mp3	4896
common_voice_nb-NO_43527870.mp3	2916
common_voice_nb-NO_42613579.mp3	3240
common_voice_nb-NO_43399687.mp3	2988
common_voice_nb-NO_43399712.mp3	5400
common_voice_nb-NO_43543635.mp3	2880
common_voice_nb-NO_43535545.mp3	4032
common_voice_nb-NO_43531997.mp3	3888
common_voice_nb-NO_43493290.mp3	2160
common_voice_nb-NO_44030119.mp3	2016
common_voice_nb-NO_43541517.mp3	3960
common_voice_nb-NO_43527839.mp3	6048
common_voice_nb-NO_43543741.mp3	2880
common_voice_nb-NO_43544890.mp3	3636
common_voice_nb-NO_42576468.mp3	3132
common_voice_nb-NO_43529152.mp3	4464
common_voice_nb-NO_44032245.mp3	5400
common_voice_nb-NO_43531850.mp3	4140
common_voice_nb-NO_43526215.mp3	4716
common_voice_nb-NO_43531371.mp3	4500
common_voice_nb-NO_42610004.mp3	4356
common_voice_nb-NO_43535582.mp3	3024
common_voice_nb-NO_43644447.mp3	3096
common_voice_nb-NO_43531765.mp3	3960
common_voice_nb-NO_43543589.mp3	6120
common_voice_nb-NO_43643605.mp3	5868
common_voice_nb-NO_42613682.mp3	3420
common_voice_nb-NO_43531970.mp3	4068
common_voice_nb-NO_43529162.mp3	4536
common_voice_nb-NO_42613812.mp3	3420
common_voice_nb-NO_44024771.mp3	2664
common_voice_nb-NO_43543485.mp3	2340
common_voice_nb-NO_43529178.mp3	4932
common_voice_nb-NO_43493328.mp3	3780
common_voice_nb-NO_43531759.mp3	4248
common_voice_nb-NO_43537099.mp3	3528
common_voice_nb-NO_43427033.mp3	3564
common_voice_nb-NO_43194257.mp3	6588
common_voice_nb-NO_42613930.mp3	2556
common_voice_nb-NO_43531929.mp3	4716
common_voice_nb-NO_43646114.mp3	4284
common_voice_nb-NO_43543517.mp3	5976
common_voice_nb-NO_43531991.mp3	2268
common_voice_nb-NO_44031043.mp3	3204
common_voice_nb-NO_43534763.mp3	3456
common_voice_nb-NO_43493287.mp3	1980
common_voice_nb-NO_43527893.mp3	2844
common_voice_nb-NO_43493163.mp3	2556
common_voice_nb-NO_43927313.mp3	3420
common_voice_nb-NO_43534761.mp3	5616
common_voice_nb-NO_42609977.mp3	3168
common_voice_nb-NO_43493358.mp3	3096
common_voice_nb-NO_43493348.mp3	3780
common_voice_nb-NO_43527881.mp3	5616
common_voice_nb-NO_43531980.mp3	1836
common_voice_nb-NO_43527920.mp3	2844
common_voice_nb-NO_44032306.mp3	6120
common_voice_nb-NO_43197560.mp3	4680
common_voice_nb-NO_42558237.mp3	5184
common_voice_nb-NO_43643865.mp3	6732
common_voice_nb-NO_43543734.mp3	4428
common_voice_nb-NO_43543622.mp3	2448
common_voice_nb-NO_43531827.mp3	4140
common_voice_nb-NO_43531301.mp3	3528
common_voice_nb-NO_43636054.mp3	6948
common_voice_nb-NO_43462993.mp3	2880
common_voice_nb-NO_43645388.mp3	3348
common_voice_nb-NO_43644394.mp3	5688
common_voice_nb-NO_43529164.mp3	3636
common_voice_nb-NO_43543722.mp3	1836
common_voice_nb-NO_43535554.mp3	2772
common_voice_nb-NO_43462979.mp3	4536
common_voice_nb-NO_43462971.mp3	2736
common_voice_nb-NO_43462995.mp3	5328
common_voice_nb-NO_43543523.mp3	3240
common_voice_nb-NO_43529166.mp3	4068
common_voice_nb-NO_43535577.mp3	4068
common_voice_nb-NO_42613497.mp3	3960
common_voice_nb-NO_43541523.mp3	6840
common_voice_nb-NO_43552566.mp3	5400
common_voice_nb-NO_43927181.mp3	3528
common_voice_nb-NO_43543744.mp3	2736
common_voice_nb-NO_42613645.mp3	4428
common_voice_nb-NO_43552707.mp3	1728
common_voice_nb-NO_42613848.mp3	3420
common_voice_nb-NO_42613881.mp3	4428
common_voice_nb-NO_43543626.mp3	3816
common_voice_nb-NO_42689853.mp3	3096
common_voice_nb-NO_42559573.mp3	3420
common_voice_nb-NO_43427046.mp3	2340
common_voice_nb-NO_44024772.mp3	5040
common_voice_nb-NO_43543580.mp3	4860
common_voice_nb-NO_43552571.mp3	3708
common_voice_nb-NO_43493273.mp3	4068
common_voice_nb-NO_43552675.mp3	3600
common_voice_nb-NO_43531269.mp3	3996
common_voice_nb-NO_43462981.mp3	3960
common_voice_nb-NO_43493220.mp3	2988
common_voice_nb-NO_43527872.mp3	4572
common_voice_nb-NO_43644129.mp3	5148
common_voice_nb-NO_43534708.mp3	2664
common_voice_nb-NO_43538749.mp3	4572
common_voice_nb-NO_43531923.mp3	5076
common_voice_nb-NO_42576461.mp3	2448
common_voice_nb-NO_43535572.mp3	2628
common_voice_nb-NO_43414688.mp3	3888
common_voice_nb-NO_43552685.mp3	2268
common_voice_nb-NO_43535531.mp3	4860
common_voice_nb-NO_43531904.mp3	3348
common_voice_nb-NO_43644150.mp3	4860
common_voice_nb-NO_43427044.mp3	3780
common_voice_nb-NO_43534678.mp3	3384
common_voice_nb-NO_43537108.mp3	5220
common_voice_nb-NO_44035062.mp3	6696
common_voice_nb-NO_42558246.mp3	2952
common_voice_nb-NO_42921752.mp3	3996
common_voice_nb-NO_42559609.mp3	4536
common_voice_nb-NO_43538751.mp3	3852
common_voice_nb-NO_43544929.mp3	4068
common_voice_nb-NO_43529165.mp3	4644
common_voice_nb-NO_43239236.mp3	3780
common_voice_nb-NO_43399714.mp3	5868
common_voice_nb-NO_43531885.mp3	4500
common_voice_nb-NO_42559632.mp3	3780
common_voice_nb-NO_43543583.mp3	4896
common_voice_nb-NO_43543650.mp3	3096
common_voice_nb-NO_43644157.mp3	3276
common_voice_nb-NO_44032210.mp3	3852
common_voice_nb-NO_43239235.mp3	7236
common_voice_nb-NO_43635961.mp3	7020
common_voice_nb-NO_43462965.mp3	2916
common_voice_nb-NO_43462966.mp3	7596
common_voice_nb-NO_44034758.mp3	2088
common_voice_nb-NO_42610003.mp3	3060
common_voice_nb-NO_43535535.mp3	3204
common_voice_nb-NO_43552717.mp3	3240
common_voice_nb-NO_43535575.mp3	3996
common_voice_nb-NO_43635964.mp3	6120
common_voice_nb-NO_43527917.mp3	4680
common_voice_nb-NO_43537117.mp3	4932
common_voice_nb-NO_43399713.mp3	3780
common_voice_nb-NO_43529208.mp3	2916
common_voice_nb-NO_43543611.mp3	3528
common_voice_nb-NO_43933488.mp3	5220
common_voice_nb-NO_43462998.mp3	4788
common_voice_nb-NO_44032221.mp3	3780
common_voice_nb-NO_42682475.mp3	6588
common_voice_nb-NO_43399745.mp3	3240
common_voice_nb-NO_42613630.mp3	2556
common_voice_nb-NO_42613575.mp3	3780
common_voice_nb-NO_43493156.mp3	3708
common_voice_nb-NO_42576466.mp3	4860
common_voice_nb-NO_43543624.mp3	5508
common_voice_nb-NO_43527855.mp3	3816
common_voice_nb-NO_43644289.mp3	5292
common_voice_nb-NO_43462974.mp3	6300
common_voice_nb-NO_43493355.mp3	2916
common_voice_nb-NO_43552578.mp3	5220
common_voice_nb-NO_43527909.mp3	5076
common_voice_nb-NO_43493254.mp3	3276
common_voice_nb-NO_43534704.mp3	2808
common_voice_nb-NO_42613628.mp3	3420
common_voice_nb-NO_43527896.mp3	2304
common_voice_nb-NO_43552737.mp3	3528
common_voice_nb-NO_42829656.mp3	2268
common_voice_nb-NO_43644155.mp3	4140
common_voice_nb-NO_43543539.mp3	2988
common_voice_nb-NO_43527926.mp3	3024
common_voice_nb-NO_43427054.mp3	4140
common_voice_nb-NO_43537123.mp3	5148
common_voice_nb-NO_44105230.mp3	4860
common_voice_nb-NO_43643697.mp3	5328
common_voice_nb-NO_43462997.mp3	2916
common_voice_nb-NO_43552575.mp3	3816
common_voice_nb-NO_42605088.mp3	4392
common_voice_nb-NO_43531913.mp3	1836
common_voice_nb-NO_43534709.mp3	3672
common_voice_nb-NO_43462990.mp3	4536
common_voice_nb-NO_43534697.mp3	4464
common_voice_nb-NO_43531364.mp3	2556
common_voice_nb-NO_43552669.mp3	1656
common_voice_nb-NO_43462978.mp3	5220
common_voice_nb-NO_42613816.mp3	3420
common_voice_nb-NO_44034556.mp3	3204
common_voice_nb-NO_43544893.mp3	5148
common_voice_nb-NO_43531998.mp3	4176
common_voice_nb-NO_43531772.mp3	4716
common_voice_nb-NO_42559586.mp3	5580
common_voice_nb-NO_43493352.mp3	4176
common_voice_nb-NO_42559607.mp3	5328
common_voice_nb-NO_43552709.mp3	2880
common_voice_nb-NO_43493338.mp3	2016
common_voice_nb-NO_42559611.mp3	3456
common_voice_nb-NO_43535591.mp3	6660
common_voice_nb-NO_43527874.mp3	4932
common_voice_nb-NO_43531868.mp3	3060
common_voice_nb-NO_43531894.mp3	4140
common_voice_nb-NO_43538743.mp3	2340
common_voice_nb-NO_43537095.mp3	5292
common_voice_nb-NO_43493195.mp3	3348
common_voice_nb-NO_43427034.mp3	3528
common_voice_nb-NO_42613829.mp3	5580
common_voice_nb-NO_44034760.mp3	3852
common_voice_nb-NO_43543525.mp3	9180
common_voice_nb-NO_43493129.mp3	4248
common_voice_nb-NO_42613647.mp3	4716
common_voice_nb-NO_43526220.mp3	5112
common_voice_nb-NO_43636052.mp3	5328
common_voice_nb-NO_43544910.mp3	2484
common_voice_nb-NO_43552612.mp3	3888
common_voice_nb-NO_43427020.mp3	5472
common_voice_nb-NO_42613667.mp3	4968
common_voice_nb-NO_43493212.mp3	4140
common_voice_nb-NO_43527843.mp3	5220
common_voice_nb-NO_43552573.mp3	5040
common_voice_nb-NO_43531306.mp3	3708
common_voice_nb-NO_43544896.mp3	3024
common_voice_nb-NO_43529195.mp3	4464
common_voice_nb-NO_43644130.mp3	7020
common_voice_nb-NO_43643728.mp3	3240
common_voice_nb-NO_43531337.mp3	4140
common_voice_nb-NO_43531788.mp3	2556
common_voice_nb-NO_43552641.mp3	2268
common_voice_nb-NO_43462991.mp3	2448
common_voice_nb-NO_43552703.mp3	3096
common_voice_nb-NO_42921753.mp3	4356
common_voice_nb-NO_43427061.mp3	5688
common_voice_nb-NO_43643627.mp3	2268
common_voice_nb-NO_43543701.mp3	4500
common_voice_nb-NO_43531761.mp3	7416
common_voice_nb-NO_42610039.mp3	3096
common_voice_nb-NO_43543496.mp3	3096
common_voice_nb-NO_43552698.mp3	2520
common_voice_nb-NO_43493260.mp3	4788
common_voice_nb-NO_43493349.mp3	4896
common_voice_nb-NO_42689850.mp3	5400
common_voice_nb-NO_43531931.mp3	5868
common_voice_nb-NO_43543711.mp3	5328
common_voice_nb-NO_43462989.mp3	4968
common_voice_nb-NO_43493223.mp3	4248
common_voice_nb-NO_43463015.mp3	4248
common_voice_nb-NO_43493437.mp3	3420
common_voice_nb-NO_43462980.mp3	4068
common_voice_nb-NO_43493219.mp3	3888
common_voice_nb-NO_43531272.mp3	2916
common_voice_nb-NO_43493443.mp3	3528
common_voice_nb-NO_43527916.mp3	2808
common_voice_nb-NO_42613772.mp3	3636
common_voice_nb-NO_43427024.mp3	4248
common_voice_nb-NO_43643862.mp3	4284
common_voice_nb-NO_43552607.mp3	2196
common_voice_nb-NO_43544930.mp3	2628
common_voice_nb-NO_43543672.mp3	7200
common_voice_nb-NO_43933489.mp3	6336
common_voice_nb-NO_43493184.mp3	4248
common_voice_nb-NO_43534679.mp3	3672
common_voice_nb-NO_43543664.mp3	3276
common_voice_nb-NO_43543597.mp3	5328
common_voice_nb-NO_44031042.mp3	4680
common_voice_nb-NO_43531903.mp3	4248
common_voice_nb-NO_43527857.mp3	4140
common_voice_nb-NO_43493356.mp3	3636
common_voice_nb-NO_43534758.mp3	3312
common_voice_nb-NO_42609989.mp3	4680
common_voice_nb-NO_43493391.mp3	2916
common_voice_nb-NO_43538720.mp3	3348
common_voice_nb-NO_43635985.mp3	3420
common_voice_nb-NO_43529202.mp3	6012
common_voice_nb-NO_43644263.mp3	3672
common_voice_nb-NO_43531323.mp3	2340
common_voice_nb-NO_43543480.mp3	7596
common_voice_nb-NO_43552567.mp3	6696
common_voice_nb-NO_43493149.mp3	3348
common_voice_nb-NO_43529219.mp3	9144
common_voice_nb-NO_43531843.mp3	2160
common_voice_nb-NO_43535548.mp3	5724
common_voice_nb-NO_43543558.mp3	5400
common_voice_nb-NO_43552736.mp3	2088
common_voice_nb-NO_43531266.mp3	3888
common_voice_nb-NO_43531801.mp3	4320
common_voice_nb-NO_43537101.mp3	4500
common_voice_nb-NO_43531871.mp3	3348
common_voice_nb-NO_42613601.mp3	4140
common_voice_nb-NO_43531359.mp3	3708
common_voice_nb-NO_43552730.mp3	5076
common_voice_nb-NO_43543604.mp3	6768
common_voice_nb-NO_43399749.mp3	4320
common_voice_nb-NO_44024770.mp3	6660
common_voice_nb-NO_43535534.mp3	3816
common_voice_nb-NO_44031046.mp3	4104
common_voice_nb-NO_43493406.mp3	3816
common_voice_nb-NO_42682497.mp3	4428
common_voice_nb-NO_43427017.mp3	6444
common_voice_nb-NO_43534731.mp3	2700
common_voice_nb-NO_43529209.mp3	2880
common_voice_nb-NO_43531870.mp3	5688
common_voice_nb-NO_43531992.mp3	4968
common_voice_nb-NO_43529198.mp3	3888
common_voice_nb-NO_43927184.mp3	3060
common_voice_nb-NO_43493261.mp3	4536
common_voice_nb-NO_43645387.mp3	6732
common_voice_nb-NO_44031246.mp3	8460
common_voice_nb-NO_43531953.mp3	2016
common_voice_nb-NO_43529194.mp3	5292
common_voice_nb-NO_43538754.mp3	9216
common_voice_nb-NO_43531924.mp3	4716
common_voice_nb-NO_43644301.mp3	6516
common_voice_nb-NO_43543638.mp3	2160
common_voice_nb-NO_43635971.mp3	5436
common_voice_nb-NO_43537121.mp3	6984
common_voice_nb-NO_43427049.mp3	3852
common_voice_nb-NO_43534717.mp3	6264
common_voice_nb-NO_43543719.mp3	3888
