client_id	path	sentence_id	sentence	sentence_domain	up_votes	down_votes	age	gender	accents	variant	locale	segment
425503b1ee75713e0cdeaf799aba65c013948c6ec401fa6494df7f3cbeb8f7d623b6b7b2c7f4d42f5db17420266ae1c0485d4a4d439e8327252b95f78101271f	common_voice_nb-NO_43635965.mp3	5a91e4213414bb071e527972a5fdc0cdc6fbb8bf83de0e6ba62ed189811b3d22	Her har det også tidligere vært kirke.	history_law_government	1	0	fifties				nb-NO	
2e1c60eec9906c4359f0e2058037446d080dceb66bcde604a7008f8a2974072348c0df1ffc94321ab97c366e61017e07725f341cc02bf1c7d2d8cfd9148aa87b	common_voice_nb-NO_43643750.mp3	6f4048a2a486ba8dd23a8c128a85f03ce17014ab24d84f2103357b0ae11e30ea	Utenfor disse legemskrenkelsene har nødvergereglene bare en forholdsvis snever plass.		1	1					nb-NO	
cab77f8cb22474c60468396ffc621cd52e9748f5c65215d514964d7c1643b498f98cadd5708157e9f3711e3b2fb50d7167cc6b1b00e970cb88cf965fa3bfd1c1	common_voice_nb-NO_43644133.mp3	45e423fa151d74e6f395a4451d17ebdbcce0f641248d12f49584b67850313a72	Hyggelig å møte deg også		1	1			Norsk bokmål		nb-NO	
b650b69d6f025f8840d293c0237999d223ee875f82a1cf66bab0a87384d7aba167740f32aca84c11bcbee4e2db80d23dbda870de9c1c7b427ac45a7dabaf043e	common_voice_nb-NO_43644291.mp3	74ee8029678e75b60949f615aa4126897c83a8a5bea19f1c912f9397ede90e99	aviser		1	0			Oslo		nb-NO	
79af86ad55ddbe693996eb4700262759004c92ed6eb45c79bce120de76fb4f69faecd679452393b3f9c9258e9161512d5e4862361d7cba1c54f31db676789c9a	common_voice_nb-NO_43645229.mp3	548d8acd7df6e9f2063a6089aef604cc14f3e6e460231efef9b9331437f153e0	odometer		1	0					nb-NO	
ea050c94a6af7dc1d3d741a344c6231c61cb7009cf025602747c564c265639f3562d306602d1a82af93d50741308cceae3418e9402ec913bec7d75b2f2e65a45	common_voice_nb-NO_43646112.mp3	6bb1b237fa898b8533727a2b958a76ddc45df69d6b58091408843b08688a76a5	Ja de ble helt utvokste på turen ut		1	0					nb-NO	
ea050c94a6af7dc1d3d741a344c6231c61cb7009cf025602747c564c265639f3562d306602d1a82af93d50741308cceae3418e9402ec913bec7d75b2f2e65a45	common_voice_nb-NO_43646113.mp3	71738718de7b1ec29ffd209225cd7b2cace328cf1f4869c574dd211babf59e51	Bensinstasjoner er et rart konsept spør du meg		1	0					nb-NO	
65fbf8c082a023daeacf5c06be0bcf4d86baf8f8d4641450d95a1c137eae4ec990cd80eaeabb8868179bdace013196be6fab7f2b2506ba50222da6f576a0cd9c	common_voice_nb-NO_43927180.mp3	5000c5338ca14d9e6d32a3e98b5300c6d92cf821c40c0c06709cb93b66ca5be4	Fjordkjøkken har tatt konsekvensen av at den potetskrellende husmora ikke dominerer norsk middagslaging lenger.		0	0					nb-NO	
65fbf8c082a023daeacf5c06be0bcf4d86baf8f8d4641450d95a1c137eae4ec990cd80eaeabb8868179bdace013196be6fab7f2b2506ba50222da6f576a0cd9c	common_voice_nb-NO_43927181.mp3	77280353d552afaabbe0a712144d260619e2a2d7325467df289919a848ce3701	Både grønnsaker og kjøtt kan grilles på grillspyd.		0	0					nb-NO	
65fbf8c082a023daeacf5c06be0bcf4d86baf8f8d4641450d95a1c137eae4ec990cd80eaeabb8868179bdace013196be6fab7f2b2506ba50222da6f576a0cd9c	common_voice_nb-NO_43927182.mp3	6502e151c72a623616da09d895095602b996138c52bc408c16b58b4965cb47a3	Hennes myndighetsdag er en merkedag i norsk historie.		0	1					nb-NO	
65fbf8c082a023daeacf5c06be0bcf4d86baf8f8d4641450d95a1c137eae4ec990cd80eaeabb8868179bdace013196be6fab7f2b2506ba50222da6f576a0cd9c	common_voice_nb-NO_43927183.mp3	7a4903575804b9c1c846b50e7c2efae4b37b8d600f99dea00c7ef97ab1cf7adc	to en fem fire tretti fire hundre og førtien		0	0					nb-NO	
65fbf8c082a023daeacf5c06be0bcf4d86baf8f8d4641450d95a1c137eae4ec990cd80eaeabb8868179bdace013196be6fab7f2b2506ba50222da6f576a0cd9c	common_voice_nb-NO_43927184.mp3	7dda4294e47836fe70a5af57830b74e7138037cd89fae53e4d9e19f1aacb6240	Internett kan også være en trøst, sier hun.		0	0					nb-NO	
65fbf8c082a023daeacf5c06be0bcf4d86baf8f8d4641450d95a1c137eae4ec990cd80eaeabb8868179bdace013196be6fab7f2b2506ba50222da6f576a0cd9c	common_voice_nb-NO_43927312.mp3	6c10d7543b226a4308862cb7442aa288a6429bf8662e564b2d0f07d1fb0e0a20	I drømmen min hadde jeg øyne på hver finger.		0	1					nb-NO	
65fbf8c082a023daeacf5c06be0bcf4d86baf8f8d4641450d95a1c137eae4ec990cd80eaeabb8868179bdace013196be6fab7f2b2506ba50222da6f576a0cd9c	common_voice_nb-NO_43927313.mp3	5bb28c6ddae4fd696453b7588f211052324b962fc667ce1dd849a11f94119899	Han ble fort hissig, men han var ikke av de lureste.		0	1					nb-NO	
65fbf8c082a023daeacf5c06be0bcf4d86baf8f8d4641450d95a1c137eae4ec990cd80eaeabb8868179bdace013196be6fab7f2b2506ba50222da6f576a0cd9c	common_voice_nb-NO_43927314.mp3	6c1755d45974dec4a0a78fbcb94158208bde87ddbbe52b3c68788d3ccc8551fc	Bevilgningene til konkrete formål i kommunene er ikke prisjustert.		0	0					nb-NO	
65fbf8c082a023daeacf5c06be0bcf4d86baf8f8d4641450d95a1c137eae4ec990cd80eaeabb8868179bdace013196be6fab7f2b2506ba50222da6f576a0cd9c	common_voice_nb-NO_43927315.mp3	709a634cc9190df784d0a769bd9b0f28e093729180a3f30205cf28881fbd46c3	automatisk		0	0					nb-NO	
65fbf8c082a023daeacf5c06be0bcf4d86baf8f8d4641450d95a1c137eae4ec990cd80eaeabb8868179bdace013196be6fab7f2b2506ba50222da6f576a0cd9c	common_voice_nb-NO_43927316.mp3	809880ba96dafe951ae777b825605e6516ed6053d0a066d6eb10ae18fcaecd31	Vi blir derfor ikke forundret over enkelte voksnes reaksjoner på den.		0	0					nb-NO	
0d07983b15f0b01d0f7ab0daac3239df89cb6b2fca4f175dc302197c900aa63c022c65a4a125440c596786cc500774a3154f08afcbd80f19422eed4df3dfa732	common_voice_nb-NO_43933486.mp3	530f4890580ba3d050241c35dc3b69f6b84dfff8f2c7bbb424047f92b6b7446f	Stemmer lød så hjerteskjærende at selv hardere sjeler ville bli rørt.	history_law_government,media_entertainment,news_current_affairs	0	0					nb-NO	
0d07983b15f0b01d0f7ab0daac3239df89cb6b2fca4f175dc302197c900aa63c022c65a4a125440c596786cc500774a3154f08afcbd80f19422eed4df3dfa732	common_voice_nb-NO_43933487.mp3	6b8d274b78d8f6391410adaa83c08192777e9377528316f532fcf44fe00e7391	Takk for at du handler hos oss!	service_retail	0	0					nb-NO	
0d07983b15f0b01d0f7ab0daac3239df89cb6b2fca4f175dc302197c900aa63c022c65a4a125440c596786cc500774a3154f08afcbd80f19422eed4df3dfa732	common_voice_nb-NO_43933488.mp3	749fe139c2aa26e6b81c5d3262ff6fa35badced2c54a9493c4b9b4b6e4e14ccb	Men ingen får fast plass der.	general	1	1					nb-NO	
0d07983b15f0b01d0f7ab0daac3239df89cb6b2fca4f175dc302197c900aa63c022c65a4a125440c596786cc500774a3154f08afcbd80f19422eed4df3dfa732	common_voice_nb-NO_43933489.mp3	7c00981eec18ddee9fb757e711209460d1c0f3ee898250e941ddb52e4b4bba13	Legene søker ikke om driftsstøtte, men vil drive på egenandelene.		0	0					nb-NO	
0d07983b15f0b01d0f7ab0daac3239df89cb6b2fca4f175dc302197c900aa63c022c65a4a125440c596786cc500774a3154f08afcbd80f19422eed4df3dfa732	common_voice_nb-NO_43933490.mp3	7938ad34ec0fd1dea20f2f1160eac0aec7c816a210ed9a07178660345bec616d	I sommersesongen er det tennis, turgåing, svømming, klatring, fotball og trening i helsestudio.		0	0					nb-NO	
058a1d35671b2dede763c4e90ce30e34fb473d2b4c8f4d07664710d2b4f45f22d72e166ccd85eb73ad24b194fa27f978a42eac5b530c31936696dfb0dee0f538	common_voice_nb-NO_43933553.mp3	22ddf7bfe6f203986d45e7cda46955ebe066d268c5df4429fbad423b5cf5f535	Men jeg kan ikke gi deg noen rabatt. Dette er gode saker!	service_retail,language_fundamentals	0	0					nb-NO	
058a1d35671b2dede763c4e90ce30e34fb473d2b4c8f4d07664710d2b4f45f22d72e166ccd85eb73ad24b194fa27f978a42eac5b530c31936696dfb0dee0f538	common_voice_nb-NO_43933555.mp3	1afa301156a7f9e8eb4590a3ddcb8b71cdb7bce951dfdab5a35a0afe8cb54ad4	Det er en rolle som kler ham.	general	0	0					nb-NO	
058a1d35671b2dede763c4e90ce30e34fb473d2b4c8f4d07664710d2b4f45f22d72e166ccd85eb73ad24b194fa27f978a42eac5b530c31936696dfb0dee0f538	common_voice_nb-NO_43933556.mp3	331d8724f01defb71721867e97a8dc22d4e83106f4909120243c764cec93d9bb	Hvor gammel er du?		0	0					nb-NO	
058a1d35671b2dede763c4e90ce30e34fb473d2b4c8f4d07664710d2b4f45f22d72e166ccd85eb73ad24b194fa27f978a42eac5b530c31936696dfb0dee0f538	common_voice_nb-NO_43933558.mp3	7b984b5cb0db15efcde7200d191fc3c3201fcfa4b237677d096981373bc7c690	Dei galnaste seier sannast		0	0					nb-NO	
058a1d35671b2dede763c4e90ce30e34fb473d2b4c8f4d07664710d2b4f45f22d72e166ccd85eb73ad24b194fa27f978a42eac5b530c31936696dfb0dee0f538	common_voice_nb-NO_43933559.mp3	3a1960b139fec3d7810eb6bdf1601c98a33c3be80e95781ba161cebc829d1a51	Utbyggingen skal delfinansieres med bompenger.	general	0	0					nb-NO	
8c19329851a4221e1b8948665aa6b1cb900d384fc7b73cc9c9dd901163d4d41caa45010a9dc2862ec8681894cce21c1c72516c9b2f7caf4d3c5d15401f8a054d	common_voice_nb-NO_44023076.mp3	48146539b9eab8f1656160cc1330912c4ea1b54b280cfd06c4669888fc8677be	seksuelle forhold		0	0					nb-NO	
8c19329851a4221e1b8948665aa6b1cb900d384fc7b73cc9c9dd901163d4d41caa45010a9dc2862ec8681894cce21c1c72516c9b2f7caf4d3c5d15401f8a054d	common_voice_nb-NO_44023077.mp3	18bea8e43cb86e076fbd661a00e93ec30e901d7935c8d9e4f24595572140b55d	Og jeg har ikke tenkt å tape det valget.	general	0	0					nb-NO	
8c19329851a4221e1b8948665aa6b1cb900d384fc7b73cc9c9dd901163d4d41caa45010a9dc2862ec8681894cce21c1c72516c9b2f7caf4d3c5d15401f8a054d	common_voice_nb-NO_44023078.mp3	7f8a5d1095b1d56a90b4880e92043bd1cd4306b797821f4ab6b2f208c17cfcd9	Husket du og kjøpe antibac?		0	0					nb-NO	
8c19329851a4221e1b8948665aa6b1cb900d384fc7b73cc9c9dd901163d4d41caa45010a9dc2862ec8681894cce21c1c72516c9b2f7caf4d3c5d15401f8a054d	common_voice_nb-NO_44023079.mp3	6686ac732bcf59882d71947d2ffd49a37f4fe40f8743f8fda79b682d5ac1127a	land		0	0					nb-NO	
8c19329851a4221e1b8948665aa6b1cb900d384fc7b73cc9c9dd901163d4d41caa45010a9dc2862ec8681894cce21c1c72516c9b2f7caf4d3c5d15401f8a054d	common_voice_nb-NO_44023080.mp3	791ed12ebfaf478885fa6965306d21fda0ebc6c9964ea2e3822354e3a2c5927f	Forsikring er ganske kjedelig.		0	0					nb-NO	
79a8b61f505c86e5e449617850c7b9f6dde4a50664a9dd01737a5c476cfae0fc61479e6303d287cc7ea18d417caa875b16563f967660b0b18afa9b2291e4f702	common_voice_nb-NO_44024770.mp3	5bbcb22a0b6b8a189866aed95e86863aaffdb3e66afd3809c9f44c94a9f1c9cf	Frem til denne hendelsen hadde diskusjonen om utestenging av høyreekstreme kun pågått internt.		0	1			Nordlenning		nb-NO	
60af72d052cfa6fa5a3f57464ab8d7cf16edd31a26db52db5553d62cee428b33c938f8e4a833819fcc0ac4ba09cccee7b0894631a5adefe072c04af66aa3093b	common_voice_nb-NO_44024771.mp3	7680620ad75b70e403c6eb44403c7cbdfbbdd83c00ddad1fe10696ddf8b5e8b7	Feil!		0	1					nb-NO	
79a8b61f505c86e5e449617850c7b9f6dde4a50664a9dd01737a5c476cfae0fc61479e6303d287cc7ea18d417caa875b16563f967660b0b18afa9b2291e4f702	common_voice_nb-NO_44024772.mp3	36fa40a4d3c3256bcf8ba6dab38887ac134574ddf7e357a0d3105c287f701d4f	Det er registrert en nedgang på omkring en tredel.	general	1	0			Nordlenning		nb-NO	
60af72d052cfa6fa5a3f57464ab8d7cf16edd31a26db52db5553d62cee428b33c938f8e4a833819fcc0ac4ba09cccee7b0894631a5adefe072c04af66aa3093b	common_voice_nb-NO_44024773.mp3	785f422423dcb763559b38d02117321a68327eee1a55a8741559fbf6f0905541	bagatell		0	0					nb-NO	
79a8b61f505c86e5e449617850c7b9f6dde4a50664a9dd01737a5c476cfae0fc61479e6303d287cc7ea18d417caa875b16563f967660b0b18afa9b2291e4f702	common_voice_nb-NO_44024774.mp3	8168153024b6f97b9c1367b220a0230841f5ff87864cbe267eb580570a4c156f	Folk skal ikke bli syke av å befinne seg i offentlige bygg.		0	0			Nordlenning		nb-NO	
60af72d052cfa6fa5a3f57464ab8d7cf16edd31a26db52db5553d62cee428b33c938f8e4a833819fcc0ac4ba09cccee7b0894631a5adefe072c04af66aa3093b	common_voice_nb-NO_44024775.mp3	6d436458f28c8c6bf9b22bad49a0ef1c6c459a7c632b1ac9bac6c5065f0fc260	Ronny Gulliksen		0	1					nb-NO	
79a8b61f505c86e5e449617850c7b9f6dde4a50664a9dd01737a5c476cfae0fc61479e6303d287cc7ea18d417caa875b16563f967660b0b18afa9b2291e4f702	common_voice_nb-NO_44024776.mp3	75b83c90f277d4a8fbe2f911562d8082f1ab5b713db6744c552e92daedc59a0c	Det er vanskelig å skrive mens man ser i speilet.		0	0			Nordlenning		nb-NO	
60af72d052cfa6fa5a3f57464ab8d7cf16edd31a26db52db5553d62cee428b33c938f8e4a833819fcc0ac4ba09cccee7b0894631a5adefe072c04af66aa3093b	common_voice_nb-NO_44024777.mp3	75c7f8e77d2993fa18204c6b3a64c74ffe0554a796da110cbf813f47a6b439a8	valgallianse		0	0					nb-NO	
79a8b61f505c86e5e449617850c7b9f6dde4a50664a9dd01737a5c476cfae0fc61479e6303d287cc7ea18d417caa875b16563f967660b0b18afa9b2291e4f702	common_voice_nb-NO_44024778.mp3	50cd0405e9437f81a6789df1bcb12d283e4b6710a9d8d74020f3adb9a4d0aa05	Ester Wilhelmsen		0	0			Nordlenning		nb-NO	
60af72d052cfa6fa5a3f57464ab8d7cf16edd31a26db52db5553d62cee428b33c938f8e4a833819fcc0ac4ba09cccee7b0894631a5adefe072c04af66aa3093b	common_voice_nb-NO_44024779.mp3	7f642199693085d59f888362b625e6d01748afde567a436e7f46b126cbf8cba5	Men at han mente det, det er sikkert, tenkte han.	media_entertainment	0	0					nb-NO	
55c5286d860d0afb15420e7c0f6a1d73219510026c5f04e8c75c557af0d619598884a1ebefe943eadc841f1e3f61650df6b423cca1760d65e7467fb1efda8cac	common_voice_nb-NO_44024856.mp3	7319f50b71a84cb2f7e91dfcbf600e7fb6c5ce731f179c00aadf63f64e3c79d3	J O H N S O N		1	1					nb-NO	
55c5286d860d0afb15420e7c0f6a1d73219510026c5f04e8c75c557af0d619598884a1ebefe943eadc841f1e3f61650df6b423cca1760d65e7467fb1efda8cac	common_voice_nb-NO_44024859.mp3	1328ec96fca1fdebef788d281548d8e262a32beb7071103d46124fd31ab23012	Alle de fem om bord ble kastet ut.	general	0	0					nb-NO	
55c5286d860d0afb15420e7c0f6a1d73219510026c5f04e8c75c557af0d619598884a1ebefe943eadc841f1e3f61650df6b423cca1760d65e7467fb1efda8cac	common_voice_nb-NO_44024862.mp3	5df28acc5d85f548d61ec1a2d22d1f71880055d609ae09e61f61c0da6e0c0acf	Respekter dette faktum, hvert eneste sekund, hver eneste dag		0	0					nb-NO	
55c5286d860d0afb15420e7c0f6a1d73219510026c5f04e8c75c557af0d619598884a1ebefe943eadc841f1e3f61650df6b423cca1760d65e7467fb1efda8cac	common_voice_nb-NO_44024865.mp3	51d5b31930c21ff59ad9e1f076778613b29201ccceb03d9042c67f3dfe6b0a3c	Nå bygger storkene reder på de forfalte tårnene.	history_law_government,media_entertainment,news_current_affairs	0	0					nb-NO	
2bb8674a4fd927ee28f917fe95485c494a165ced88fac15b6502e955d3c9709be05b35856d86c048d2586a8d11fe7c4ad633999690f701cbdf8bc5ca2582880d	common_voice_nb-NO_44024868.mp3	6dfef9917db1da3af7af75f148f051913984f4c7c98051a4139da5263ab062ce	Hurum		1	0					nb-NO	
55c5286d860d0afb15420e7c0f6a1d73219510026c5f04e8c75c557af0d619598884a1ebefe943eadc841f1e3f61650df6b423cca1760d65e7467fb1efda8cac	common_voice_nb-NO_44024870.mp3	7c83e08de4e0b97487cb3d71b40e3ba4392d21799700b0010744a2fd2beb43f5	Roald Odden		0	0					nb-NO	
2bb8674a4fd927ee28f917fe95485c494a165ced88fac15b6502e955d3c9709be05b35856d86c048d2586a8d11fe7c4ad633999690f701cbdf8bc5ca2582880d	common_voice_nb-NO_44024872.mp3	60efa3bcbeca5ec31b3d7c142e5f112836d00f1f9ab18181628ff68d79d9e4df	åttifem tusen fem hundre og sekstiåtte		0	0					nb-NO	
2bb8674a4fd927ee28f917fe95485c494a165ced88fac15b6502e955d3c9709be05b35856d86c048d2586a8d11fe7c4ad633999690f701cbdf8bc5ca2582880d	common_voice_nb-NO_44024875.mp3	73b31f6bbf6dba0e01378e3834c40e0005ad50e3d4bb7858fcac5136894a50ff	A N N I C K E N		0	0					nb-NO	
2bb8674a4fd927ee28f917fe95485c494a165ced88fac15b6502e955d3c9709be05b35856d86c048d2586a8d11fe7c4ad633999690f701cbdf8bc5ca2582880d	common_voice_nb-NO_44024878.mp3	7a5974250df5b030a27553d54fd374ce4fc975a2c4fe9007e885947786659665	Ingeborg Mathiesen		0	0					nb-NO	
2bb8674a4fd927ee28f917fe95485c494a165ced88fac15b6502e955d3c9709be05b35856d86c048d2586a8d11fe7c4ad633999690f701cbdf8bc5ca2582880d	common_voice_nb-NO_44024879.mp3	6b6972220e3c66a2a20d5fbfb57d335918b03f88bc2b5db5fb50f011615ecd6b	Jeg skal besøke Ola i morgen.		0	0					nb-NO	
144b99ab96b30699d412c2691a6c12e8ca2a4ee3cf443574336e45a1dc03f7ca180f3d5ce68705ab6b04b7e94cd55288f4e320cd3fd271ce5a3911755c4a9699	common_voice_nb-NO_44029981.mp3	71eb1970a07fb5f1eee745471f4d3e3efd946d3cb4b61d68217c42234f8b7f15	Fordelen med ferger er at man kan kjøpe sveler.		0	0					nb-NO	
144b99ab96b30699d412c2691a6c12e8ca2a4ee3cf443574336e45a1dc03f7ca180f3d5ce68705ab6b04b7e94cd55288f4e320cd3fd271ce5a3911755c4a9699	common_voice_nb-NO_44029982.mp3	715a9ea48c8d956ecbf5740828bff12a7c53493abd390d48c20ad97d3f558a2c	Den nesten hundre år gamle bygningen skal få både ventilasjonsanlegg, rør og spesialtilpassede vinduer.		0	0					nb-NO	
144b99ab96b30699d412c2691a6c12e8ca2a4ee3cf443574336e45a1dc03f7ca180f3d5ce68705ab6b04b7e94cd55288f4e320cd3fd271ce5a3911755c4a9699	common_voice_nb-NO_44029983.mp3	46c4ad455f313652c545fae2b9c72d2ff7c7ca23e53f9dea4110c15fa5bfeb60	Dokumentaren vant flere internasjonale priser.	media_entertainment	0	1					nb-NO	
144b99ab96b30699d412c2691a6c12e8ca2a4ee3cf443574336e45a1dc03f7ca180f3d5ce68705ab6b04b7e94cd55288f4e320cd3fd271ce5a3911755c4a9699	common_voice_nb-NO_44029985.mp3	793b5b07bd30b4115319d8f39e9fc578c2c4fa3a3047dedb6ac1c6db5f2668e4	regelverket		1	0					nb-NO	
144b99ab96b30699d412c2691a6c12e8ca2a4ee3cf443574336e45a1dc03f7ca180f3d5ce68705ab6b04b7e94cd55288f4e320cd3fd271ce5a3911755c4a9699	common_voice_nb-NO_44029986.mp3	66ce6df63216881861f0b1aeb5e34f83bf3f9590d4b23499325a1c15b5ed708c	straks		0	0					nb-NO	
604a44849b1b76497111f54f737c18abf03a6810bc8f3f041bc7ebc46a595e205871306030e9139c5ff2bbaddd983302c801e3bf2eaf7a382276c54e5d1388ea	common_voice_nb-NO_44030112.mp3	65e7fc981a0b64c27f6a06a328feb926d4a2f58a0cadbdb14995b5f653944a81	Liker du å pilke på Trytetjønn?		0	0					nb-NO	
604a44849b1b76497111f54f737c18abf03a6810bc8f3f041bc7ebc46a595e205871306030e9139c5ff2bbaddd983302c801e3bf2eaf7a382276c54e5d1388ea	common_voice_nb-NO_44030115.mp3	83c77467e1394f28f66b03542cf8294afc121696d3d5f1733e0899da605b632a	seks to seks tre tjueseks seks hundre og åtti		0	1					nb-NO	
604a44849b1b76497111f54f737c18abf03a6810bc8f3f041bc7ebc46a595e205871306030e9139c5ff2bbaddd983302c801e3bf2eaf7a382276c54e5d1388ea	common_voice_nb-NO_44030117.mp3	8346e5bc619d1491035237f399b6746b9fc1da5264d1b68c1320e156406edf11	Politikerne evner det kort og godt ikke.		0	0					nb-NO	
604a44849b1b76497111f54f737c18abf03a6810bc8f3f041bc7ebc46a595e205871306030e9139c5ff2bbaddd983302c801e3bf2eaf7a382276c54e5d1388ea	common_voice_nb-NO_44030119.mp3	7f16954a74f2810ea8d293ef4ffb1b7a963d79b9c6cfbc1960b5a791ab826f92	L I V S T R U E N D E		0	0					nb-NO	
604a44849b1b76497111f54f737c18abf03a6810bc8f3f041bc7ebc46a595e205871306030e9139c5ff2bbaddd983302c801e3bf2eaf7a382276c54e5d1388ea	common_voice_nb-NO_44030122.mp3	2e9e4b74314736db913edbd13d761ba6c7dd6571a209b819edd851beb1486c3f	gjenta		0	0					nb-NO	
da04294550698993229f49d28e0f684ec90233c7ed90645c825d33729aab6ba64f500fbe001f605efdc43430752f6c8dc3b6a39e5fb5fc75dd8e26827b2a63bc	common_voice_nb-NO_44031042.mp3	6e793b6b917541ce41a2695b30abb86da0bd210f80d10fe3ab6af598fca4e911	Ta kontakt om du har behov for denne tjenesten.		1	0					nb-NO	
da04294550698993229f49d28e0f684ec90233c7ed90645c825d33729aab6ba64f500fbe001f605efdc43430752f6c8dc3b6a39e5fb5fc75dd8e26827b2a63bc	common_voice_nb-NO_44031043.mp3	7b954a24a2088d3511a9c8badff169418ffc2de6849c151d854c53c20aedd988	spol framover		0	0					nb-NO	
da04294550698993229f49d28e0f684ec90233c7ed90645c825d33729aab6ba64f500fbe001f605efdc43430752f6c8dc3b6a39e5fb5fc75dd8e26827b2a63bc	common_voice_nb-NO_44031044.mp3	6a81759a357eb66fec87350b15258d9b5a297f73c99c44fd505f5846146da7d3	Bilen min er rød.		0	0					nb-NO	
da04294550698993229f49d28e0f684ec90233c7ed90645c825d33729aab6ba64f500fbe001f605efdc43430752f6c8dc3b6a39e5fb5fc75dd8e26827b2a63bc	common_voice_nb-NO_44031045.mp3	620fe4148d61d313430d7841f7cb160639b2f81a172e8078fc237b663af022b0	Budene jobber på spreng, likevel greier vi ikke å få posten ut i tide.		0	0					nb-NO	
da04294550698993229f49d28e0f684ec90233c7ed90645c825d33729aab6ba64f500fbe001f605efdc43430752f6c8dc3b6a39e5fb5fc75dd8e26827b2a63bc	common_voice_nb-NO_44031046.mp3	6eb9f1a1f20c16dd19fc568d77143885685e6ed401660bb48b28f074327a9052	Det er ikke greit å improvisere mens man leser.		1	0					nb-NO	
9c15b456da8f07db51b731de84cfa57bb1135aa5f18d899c0500116fcf8b090265835bc2d5a2769ca1a14d2b68536b7405621e8d24c5f0cad73081058afb1520	common_voice_nb-NO_44031246.mp3	1f1f04474e61d7a9bb24d26a826fa8ca093f8d1cdf41ea668b4cdc3b6ee06f12	Nå snur regjeringen.	general	0	0					nb-NO	
9c15b456da8f07db51b731de84cfa57bb1135aa5f18d899c0500116fcf8b090265835bc2d5a2769ca1a14d2b68536b7405621e8d24c5f0cad73081058afb1520	common_voice_nb-NO_44031247.mp3	7912bbd9005441cd3eac001717407abff67674d3a29c493dc6be372c491ea765	Ja, vi må ha det som en vane å dokumentere alt		0	0					nb-NO	
9c15b456da8f07db51b731de84cfa57bb1135aa5f18d899c0500116fcf8b090265835bc2d5a2769ca1a14d2b68536b7405621e8d24c5f0cad73081058afb1520	common_voice_nb-NO_44031248.mp3	4571c18228073c70c8f0041e7233b15d41db02a9cf5e41597d990678c8426fbb	Jeg foretrekker å sykle til hytta.		0	0					nb-NO	
9c15b456da8f07db51b731de84cfa57bb1135aa5f18d899c0500116fcf8b090265835bc2d5a2769ca1a14d2b68536b7405621e8d24c5f0cad73081058afb1520	common_voice_nb-NO_44031249.mp3	8249888b1ce90cf565e0a6ce44e38c24eb15cfb09ff00b9d9c0bfb566c8387ba	Det kan være mye sol også på vinteren.		0	0					nb-NO	
9c15b456da8f07db51b731de84cfa57bb1135aa5f18d899c0500116fcf8b090265835bc2d5a2769ca1a14d2b68536b7405621e8d24c5f0cad73081058afb1520	common_voice_nb-NO_44031251.mp3	75195ac352fa7e3798bad5b40ccc5742934dcdb94b80585678f093815c167bec	fire en fire tre trettifire åtte hundre og nitti		1	0					nb-NO	
119ceb30947ab51d551c2f3e65b5a12ead9dc3a16c3d4596c502f11b849ff463596f365bbf120a307b27da38f066b892583be59f80e944922d192b78f8e7b352	common_voice_nb-NO_44032208.mp3	5bc0096754f023290a67bf7fc10cbd28ac5398bb057a9a416cfc0e129fe19b79	frosten		0	0			Bokmål		nb-NO	
119ceb30947ab51d551c2f3e65b5a12ead9dc3a16c3d4596c502f11b849ff463596f365bbf120a307b27da38f066b892583be59f80e944922d192b78f8e7b352	common_voice_nb-NO_44032209.mp3	8044f9c38c361fec5495ea0d7edc4533bfa205dd3c01e1daec6591b349a064f8	Det betyr at fondets krav skulle vært utbetalt før de vanlige kreditorene fikk sitt.		1	0			Bokmål		nb-NO	
119ceb30947ab51d551c2f3e65b5a12ead9dc3a16c3d4596c502f11b849ff463596f365bbf120a307b27da38f066b892583be59f80e944922d192b78f8e7b352	common_voice_nb-NO_44032210.mp3	76a1d47695f296f0eb15450660c052322e5f5b54e1110412660f686a4b51e8d7	Å hoppe tau er overraskende slitsomt		0	0			Bokmål		nb-NO	
119ceb30947ab51d551c2f3e65b5a12ead9dc3a16c3d4596c502f11b849ff463596f365bbf120a307b27da38f066b892583be59f80e944922d192b78f8e7b352	common_voice_nb-NO_44032211.mp3	290710ad7c30e9deaf6d2795526b3762bd3fa8c7a5223186cfaf443adbb5d78f	Når jeg lager mat, tenker jeg først og fremst på smak.		0	0			Bokmål		nb-NO	
119ceb30947ab51d551c2f3e65b5a12ead9dc3a16c3d4596c502f11b849ff463596f365bbf120a307b27da38f066b892583be59f80e944922d192b78f8e7b352	common_voice_nb-NO_44032212.mp3	819ceac78cd50a85534e3b9574d0fedef72d807ceb60496acd4035fa026fd697	Du er en gnier.		0	0			Bokmål		nb-NO	
4c5c8d5641d993b58eeddf67a9d42fbf75982b110751c1b9f803a7707671eddccd717d01afac145e5be79645c08cb5435dc33dd110c841bee5257b11b3b9ca29	common_voice_nb-NO_44032220.mp3	7c53f52e4c3fb3c72c67bf887be9780c15caeaa5aa40646c18224a53495a8bb2	Tommelen opp for at dere vinner i morgen		0	0			Nordnorsk,Bodødialekt,Best		nb-NO	
4c5c8d5641d993b58eeddf67a9d42fbf75982b110751c1b9f803a7707671eddccd717d01afac145e5be79645c08cb5435dc33dd110c841bee5257b11b3b9ca29	common_voice_nb-NO_44032222.mp3	7e70b71e6d5e1238f8fecb63e6acaded8f6b7499cb778870c3e6ef55a325d855	Vi har et vennlig personale klar til å hjelpe.	service_retail	0	0			Nordnorsk,Bodødialekt,Best		nb-NO	
4c5c8d5641d993b58eeddf67a9d42fbf75982b110751c1b9f803a7707671eddccd717d01afac145e5be79645c08cb5435dc33dd110c841bee5257b11b3b9ca29	common_voice_nb-NO_44032223.mp3	7c0156fba27611115810a0a37a9c366c1f44f3079e6511390bba53bdca6044e8	Vurdering av markedsutviklingen i utlandet.		0	0			Nordnorsk,Bodødialekt,Best		nb-NO	
4c5c8d5641d993b58eeddf67a9d42fbf75982b110751c1b9f803a7707671eddccd717d01afac145e5be79645c08cb5435dc33dd110c841bee5257b11b3b9ca29	common_voice_nb-NO_44032226.mp3	7a90c376041a953eaa824b810827fe35dc3a68dadeaf9b3631b0fc6861c8c86e	Ås		0	0			Nordnorsk,Bodødialekt,Best		nb-NO	
7916377b4c9e6b8b8777ee664128a586ebec93a21be053ee4ca3bdf6705ac3a463e84623cc11cf026efbd91a2cb40f663863dc06318babbb93113b5a2b997ed8	common_voice_nb-NO_44032243.mp3	8384f11d0af69babd39dd5c967dbf77db3ca1dea36bd7e96d3cecdc0cc92c1ab	William Amundsen		0	0					nb-NO	
7916377b4c9e6b8b8777ee664128a586ebec93a21be053ee4ca3bdf6705ac3a463e84623cc11cf026efbd91a2cb40f663863dc06318babbb93113b5a2b997ed8	common_voice_nb-NO_44032245.mp3	7e70b71e6d5e1238f8fecb63e6acaded8f6b7499cb778870c3e6ef55a325d855	Vi har et vennlig personale klar til å hjelpe.	service_retail	0	0					nb-NO	
7916377b4c9e6b8b8777ee664128a586ebec93a21be053ee4ca3bdf6705ac3a463e84623cc11cf026efbd91a2cb40f663863dc06318babbb93113b5a2b997ed8	common_voice_nb-NO_44032247.mp3	7842f0a8f29b8754c15b010be050c95c082c9c55c0459b7fded18617634f071e	Nå har kommunen bestemt seg for å rive.		0	0					nb-NO	
7916377b4c9e6b8b8777ee664128a586ebec93a21be053ee4ca3bdf6705ac3a463e84623cc11cf026efbd91a2cb40f663863dc06318babbb93113b5a2b997ed8	common_voice_nb-NO_44032248.mp3	592b5723fbc211088ca686ce22efe58975994e7edc21e0460d23602e0f033097	Den sterke utnytter den svake		0	0					nb-NO	
7916377b4c9e6b8b8777ee664128a586ebec93a21be053ee4ca3bdf6705ac3a463e84623cc11cf026efbd91a2cb40f663863dc06318babbb93113b5a2b997ed8	common_voice_nb-NO_44032250.mp3	8233189434f19d1417f127ce8f077d3eb4dedff8860c9049ed90933eedb5e034	konstruerte		0	0					nb-NO	
d80a75206f25dcc880160cd6503af9be5487d362ff41af6ceddb9fa0feed446973531268185262d50fc77fdaa4a9bc0337229028adfb93bc9ef617e5231ca786	common_voice_nb-NO_44032283.mp3	6050a3a7867f55ccb5fdf3caffca78af2ecc54b763187b931dc8d3999b47b2e3	by		0	0					nb-NO	
d80a75206f25dcc880160cd6503af9be5487d362ff41af6ceddb9fa0feed446973531268185262d50fc77fdaa4a9bc0337229028adfb93bc9ef617e5231ca786	common_voice_nb-NO_44032284.mp3	6efb4ce56597713c821c9cfb45867e095e42b0eed0291d36bf808d0299352f30	Gjenbruk er en viktig del av miljøvern.	nature_environment	0	0					nb-NO	
d80a75206f25dcc880160cd6503af9be5487d362ff41af6ceddb9fa0feed446973531268185262d50fc77fdaa4a9bc0337229028adfb93bc9ef617e5231ca786	common_voice_nb-NO_44032286.mp3	447024c2921f266168d81549778a608596eea9c7aebe2d56d0112a9f89dc515f	nittini tusen ett hundre og syttini		0	1					nb-NO	
d80a75206f25dcc880160cd6503af9be5487d362ff41af6ceddb9fa0feed446973531268185262d50fc77fdaa4a9bc0337229028adfb93bc9ef617e5231ca786	common_voice_nb-NO_44032287.mp3	7593cdeb3e2c4c18587273e1456943056ce58269cfcba51fb943729de9ba733d	Lykkes som student		0	0					nb-NO	
d80a75206f25dcc880160cd6503af9be5487d362ff41af6ceddb9fa0feed446973531268185262d50fc77fdaa4a9bc0337229028adfb93bc9ef617e5231ca786	common_voice_nb-NO_44032288.mp3	4065f706b87c0907102ceadebb782b2df8e8da55e8ca2c377b7eb615d4698a20	normal		1	0					nb-NO	
83c1f280c2e4ba2c85867dc03bd06e9f0fcc2d87b68f15a1bdc0475657a02f5a4da5c282f78cbd5f19ce43895a60820ade42b27c133f5df09bb53d74b69cb8e8	common_voice_nb-NO_44032302.mp3	8062cec31f914573b8b5d4a2095dc851453a0fbdb9f0b85708deea26e825650f	På kino kan man gå inn i feil sal hvis man er lur.		0	0					nb-NO	
83c1f280c2e4ba2c85867dc03bd06e9f0fcc2d87b68f15a1bdc0475657a02f5a4da5c282f78cbd5f19ce43895a60820ade42b27c133f5df09bb53d74b69cb8e8	common_voice_nb-NO_44032303.mp3	4ecff733d7c7e40be0e184e604c21c57072369859690da4133914f7e18faaf9b	Her er hun, Askepott tilbake fra ballet		0	1					nb-NO	
83c1f280c2e4ba2c85867dc03bd06e9f0fcc2d87b68f15a1bdc0475657a02f5a4da5c282f78cbd5f19ce43895a60820ade42b27c133f5df09bb53d74b69cb8e8	common_voice_nb-NO_44032304.mp3	74fda94182888639b4bb848c6bceb6943ecc69c14dd963f2fce0e8edfe55a6dd	Det siste året kjempet han med alvorlig sykdom.		0	1					nb-NO	
83c1f280c2e4ba2c85867dc03bd06e9f0fcc2d87b68f15a1bdc0475657a02f5a4da5c282f78cbd5f19ce43895a60820ade42b27c133f5df09bb53d74b69cb8e8	common_voice_nb-NO_44032306.mp3	8181f6b03832accbf9937964e1de792527e2082c4458e0dd84167689a205aeee	åtte en fire seks åttini åtte hundre og åttisju		0	0					nb-NO	
83c1f280c2e4ba2c85867dc03bd06e9f0fcc2d87b68f15a1bdc0475657a02f5a4da5c282f78cbd5f19ce43895a60820ade42b27c133f5df09bb53d74b69cb8e8	common_voice_nb-NO_44032308.mp3	51e3065f8924971cd88b4ecccd2e5ba433249dfa16f86405f5d2f0b54a4c5d1a	Kurven for unge med heltidsarbeid har hatt motsatt utvikling.		0	0					nb-NO	
d80a75206f25dcc880160cd6503af9be5487d362ff41af6ceddb9fa0feed446973531268185262d50fc77fdaa4a9bc0337229028adfb93bc9ef617e5231ca786	common_voice_nb-NO_44032309.mp3	846a96c06b0af36dfb19dffeb03242ab2d1a1876fde590ffbf73ec41782baade	S Ø V I K		0	0					nb-NO	
d80a75206f25dcc880160cd6503af9be5487d362ff41af6ceddb9fa0feed446973531268185262d50fc77fdaa4a9bc0337229028adfb93bc9ef617e5231ca786	common_voice_nb-NO_44032310.mp3	6f9320b072f6bdd703b8bf0bd0f3b5a00c2f772296792dfef1f3dd65209ef127	Vi har utrolig høy oppslutning om koronavaksinasjon i Norge.		1	0					nb-NO	
d80a75206f25dcc880160cd6503af9be5487d362ff41af6ceddb9fa0feed446973531268185262d50fc77fdaa4a9bc0337229028adfb93bc9ef617e5231ca786	common_voice_nb-NO_44032311.mp3	643ab57efc6ab2aa705d39703b675041b349e236b4020335a2ca87a263b7a46f	tjueen tusen og førtifire		0	0					nb-NO	
d80a75206f25dcc880160cd6503af9be5487d362ff41af6ceddb9fa0feed446973531268185262d50fc77fdaa4a9bc0337229028adfb93bc9ef617e5231ca786	common_voice_nb-NO_44032313.mp3	7842f0a8f29b8754c15b010be050c95c082c9c55c0459b7fded18617634f071e	Nå har kommunen bestemt seg for å rive.		0	0					nb-NO	
d80a75206f25dcc880160cd6503af9be5487d362ff41af6ceddb9fa0feed446973531268185262d50fc77fdaa4a9bc0337229028adfb93bc9ef617e5231ca786	common_voice_nb-NO_44032315.mp3	3af7ad392ee70ecf1b340b5e977effd6bccff107f842d7589a667c075b749682	Det er gøy å være her.	general	0	0					nb-NO	
d80a75206f25dcc880160cd6503af9be5487d362ff41af6ceddb9fa0feed446973531268185262d50fc77fdaa4a9bc0337229028adfb93bc9ef617e5231ca786	common_voice_nb-NO_44032354.mp3	000f96c072355aecf7f548fb437cfe746e0a77050aec2a70b7009d77d280937b	Økt tilgang på rent vann er spesielt viktig for barn.	general	0	0					nb-NO	
d80a75206f25dcc880160cd6503af9be5487d362ff41af6ceddb9fa0feed446973531268185262d50fc77fdaa4a9bc0337229028adfb93bc9ef617e5231ca786	common_voice_nb-NO_44032355.mp3	1afc281559cf3709e2368852d45f6635a5ba285eb66385b97793672a33fba111	Man kan si hva som helst og kalle det grønn vekst.	general	0	0					nb-NO	
d80a75206f25dcc880160cd6503af9be5487d362ff41af6ceddb9fa0feed446973531268185262d50fc77fdaa4a9bc0337229028adfb93bc9ef617e5231ca786	common_voice_nb-NO_44032356.mp3	518d40f949bd3d9a65cc20fc779e2b3bd1a6384b025ba40405e607fac964f325	Energi fra havet kan være en fremtidig energikilde.	nature_environment	0	0					nb-NO	
d80a75206f25dcc880160cd6503af9be5487d362ff41af6ceddb9fa0feed446973531268185262d50fc77fdaa4a9bc0337229028adfb93bc9ef617e5231ca786	common_voice_nb-NO_44032357.mp3	810e63af350d3f5cc22dd017bccc93b1e970a93b4fb0b3065c6dfa510981be43	en fem sju fire elleve to hundre og tretti		0	1					nb-NO	
d80a75206f25dcc880160cd6503af9be5487d362ff41af6ceddb9fa0feed446973531268185262d50fc77fdaa4a9bc0337229028adfb93bc9ef617e5231ca786	common_voice_nb-NO_44032358.mp3	48ab88648d55421f81ef1182e05a32645f5fb7702669cb1ecec0876740559331	Vi har ikke råd til å vente så lenge.		0	0					nb-NO	
3c92973c9bc991980968c4fb3fd0fef94d6a7b7c7e9a0a070602a24fe3fe95ba2a5b22869db0ee52c0d20e02c2b068bcfb2c71dd10698da6e9f465d579584a5a	common_voice_nb-NO_44034013.mp3	3a85cbe3c73972a2c4c5d1fff34a5359f920b644d3928b8345aef0d7009a9535	På stranda i havna ligger fiskebåtene på rekke og rad.	general	0	0			Nordnorsk		nb-NO	
3c92973c9bc991980968c4fb3fd0fef94d6a7b7c7e9a0a070602a24fe3fe95ba2a5b22869db0ee52c0d20e02c2b068bcfb2c71dd10698da6e9f465d579584a5a	common_voice_nb-NO_44034014.mp3	8062cec31f914573b8b5d4a2095dc851453a0fbdb9f0b85708deea26e825650f	På kino kan man gå inn i feil sal hvis man er lur.		0	0			Nordnorsk		nb-NO	
3c92973c9bc991980968c4fb3fd0fef94d6a7b7c7e9a0a070602a24fe3fe95ba2a5b22869db0ee52c0d20e02c2b068bcfb2c71dd10698da6e9f465d579584a5a	common_voice_nb-NO_44034015.mp3	27903002e3c91d7976256b8b4e48d7527ff8ae0a50df6d57b6bcce4ae7326606	Sønnen din vil ikke bli noen vanlig gutt.		0	0			Nordnorsk		nb-NO	
3c92973c9bc991980968c4fb3fd0fef94d6a7b7c7e9a0a070602a24fe3fe95ba2a5b22869db0ee52c0d20e02c2b068bcfb2c71dd10698da6e9f465d579584a5a	common_voice_nb-NO_44034016.mp3	7de489122957cb1a58384962144d3f06a1d7afa1f83bd1d4fc997f0e0c1144b5	kjendiser		1	0			Nordnorsk		nb-NO	
3c92973c9bc991980968c4fb3fd0fef94d6a7b7c7e9a0a070602a24fe3fe95ba2a5b22869db0ee52c0d20e02c2b068bcfb2c71dd10698da6e9f465d579584a5a	common_voice_nb-NO_44034017.mp3	7912bbd9005441cd3eac001717407abff67674d3a29c493dc6be372c491ea765	Ja, vi må ha det som en vane å dokumentere alt		0	0			Nordnorsk		nb-NO	
c9ca0daeac3dc9275e451eb5e1e0086bc3b4dae5aaa43f5e792b9cac44e025636a35ef10acb06ff0e4a5d89688d249b87fca3789c2be3ec4e4da28669501d3b1	common_voice_nb-NO_44034077.mp3	826f27d7ac95fc3ea6a7893f39d7438a41c544d20a70643f3131ff623ca23c8d	Kleppstad		0	0					nb-NO	
c9ca0daeac3dc9275e451eb5e1e0086bc3b4dae5aaa43f5e792b9cac44e025636a35ef10acb06ff0e4a5d89688d249b87fca3789c2be3ec4e4da28669501d3b1	common_voice_nb-NO_44034079.mp3	5c625dd0ef7198f089558197514f0cd0b86ba4525a7f3736128538cca85ccd8e	På denne måten når han lesere i alle aldre.		0	0					nb-NO	
c9ca0daeac3dc9275e451eb5e1e0086bc3b4dae5aaa43f5e792b9cac44e025636a35ef10acb06ff0e4a5d89688d249b87fca3789c2be3ec4e4da28669501d3b1	common_voice_nb-NO_44034080.mp3	80c2c93e16c46b9ebd3bf51e3e9e4f2c4d2ad18124fd143a5cc049b19ed47394	Du har lært å lære		1	0					nb-NO	
c9ca0daeac3dc9275e451eb5e1e0086bc3b4dae5aaa43f5e792b9cac44e025636a35ef10acb06ff0e4a5d89688d249b87fca3789c2be3ec4e4da28669501d3b1	common_voice_nb-NO_44034081.mp3	8407408abc6e105441031c9b5787032d51b98722aee43bfa54f01d508f4cb6db	Fortsatt gjenstår mye arbeid før forbindelsen kan åpnes om ett til to år.		0	1					nb-NO	
c9ca0daeac3dc9275e451eb5e1e0086bc3b4dae5aaa43f5e792b9cac44e025636a35ef10acb06ff0e4a5d89688d249b87fca3789c2be3ec4e4da28669501d3b1	common_voice_nb-NO_44034082.mp3	7a337f6bac34a19fa25234ead9fcea3ed51b466c2b55fa268dac0e4939dd6bf5	Boken ble raskt en bestselger.	media_entertainment	1	0					nb-NO	
14481ce34f292de6631526d5366234b15e4f6235dbb599b5144e83ad7e88ce38cb623d36ff607a3fb613df613851805e7835820f4af43dcdc47db5b53f4f97a1	common_voice_nb-NO_44034552.mp3	7a38ebe3813113b0051a3abb55e72ba6cf9ae0bb78a06aae1b59e8dc9f93a126	Jeg trodde vi hadde avtalt å game sammen i dag.		0	0					nb-NO	
14481ce34f292de6631526d5366234b15e4f6235dbb599b5144e83ad7e88ce38cb623d36ff607a3fb613df613851805e7835820f4af43dcdc47db5b53f4f97a1	common_voice_nb-NO_44034553.mp3	845bacfccc8d381a23fcb441e93ba41ad16e13132c58e63bcf01ab7e029ef8e0	Deretter kan miljøvennlige biler levere varene til butikkene.		0	0					nb-NO	
14481ce34f292de6631526d5366234b15e4f6235dbb599b5144e83ad7e88ce38cb623d36ff607a3fb613df613851805e7835820f4af43dcdc47db5b53f4f97a1	common_voice_nb-NO_44034554.mp3	2df34a8a6f2982db5156242240239e392af3ad42f58414826c95c7aafc3f6341	Brevik		0	0					nb-NO	
14481ce34f292de6631526d5366234b15e4f6235dbb599b5144e83ad7e88ce38cb623d36ff607a3fb613df613851805e7835820f4af43dcdc47db5b53f4f97a1	common_voice_nb-NO_44034555.mp3	6c618817292ced7b91082e9176afd9a0266384939debc9425700184603c61d5f	tjueåtte tusen to hundre og sekstifem		0	0					nb-NO	
14481ce34f292de6631526d5366234b15e4f6235dbb599b5144e83ad7e88ce38cb623d36ff607a3fb613df613851805e7835820f4af43dcdc47db5b53f4f97a1	common_voice_nb-NO_44034556.mp3	80933dfa2638a93bbe24919422d997c96e7ea1be4caae7cac33289090652389d	Verden var triveligere før alt ble stengt ned.		0	1					nb-NO	
122a1011f3f8f5034d16a85354e58ff0b777e327ded66263367d968157c20193bccebca026780d2cb232c0561dc8656aa399ade8a4097d8d443cfd73769abee3	common_voice_nb-NO_44034717.mp3	53144fc590042f48f4ad478650b4f100d9230c34ef93e885130b7f685a3f9b0f	Han mener det må satses mer på mindre gårder.	general	1	0					nb-NO	
122a1011f3f8f5034d16a85354e58ff0b777e327ded66263367d968157c20193bccebca026780d2cb232c0561dc8656aa399ade8a4097d8d443cfd73769abee3	common_voice_nb-NO_44034720.mp3	72e2d2188b74a34f0324a45e10ef4f9355c43dddee1d8250ad8a8700e32c8f49	stiger		1	0					nb-NO	
122a1011f3f8f5034d16a85354e58ff0b777e327ded66263367d968157c20193bccebca026780d2cb232c0561dc8656aa399ade8a4097d8d443cfd73769abee3	common_voice_nb-NO_44034721.mp3	458fd7b5e0076a967bd8e94e88fc11c6dce626e19c4e9ee65a7dfad243668cbd	Hvis du vil ha det rettferdig, har du kommet til feil planet		0	0					nb-NO	
122a1011f3f8f5034d16a85354e58ff0b777e327ded66263367d968157c20193bccebca026780d2cb232c0561dc8656aa399ade8a4097d8d443cfd73769abee3	common_voice_nb-NO_44034723.mp3	7f4398f88267e852543f6d91a5ad5192b4dce4d31419779cf4781bfe0448d91a	Sett på kaffetrakteren.		0	0					nb-NO	
122a1011f3f8f5034d16a85354e58ff0b777e327ded66263367d968157c20193bccebca026780d2cb232c0561dc8656aa399ade8a4097d8d443cfd73769abee3	common_voice_nb-NO_44034726.mp3	5d5471e7a39f8f0f1111c19f5219a378aeb5a3aa908173cb11b142f283708fe2	Logg inn		0	0					nb-NO	
f239b207d9f09053723bb8206218ce60e11f953fed872d5c9fc2f55d84038b822bd8445294d4014830e9f671414c6b2633aeefbf84a37da619fb82b30990b1db	common_voice_nb-NO_44034758.mp3	6b57478984df7933b3feb9fba2d12765e071b913714d394218442fcd6394d7a5	Sølvi Antonsen		0	0					nb-NO	
f239b207d9f09053723bb8206218ce60e11f953fed872d5c9fc2f55d84038b822bd8445294d4014830e9f671414c6b2633aeefbf84a37da619fb82b30990b1db	common_voice_nb-NO_44034759.mp3	69a919e0e82ef63f5c3545d53139a24af5ed6b8fbb5294bf6ab436ab883e932d	Butikken vår har parkering rett utenfor.	service_retail	0	0					nb-NO	
f239b207d9f09053723bb8206218ce60e11f953fed872d5c9fc2f55d84038b822bd8445294d4014830e9f671414c6b2633aeefbf84a37da619fb82b30990b1db	common_voice_nb-NO_44034760.mp3	69232e188493a9874bc74ba46112c248d83cf3cb45b1b98e2fc68bf330bec8eb	Da jeg så deg første gang, ble jeg helt mo i knærne.		0	0					nb-NO	
f239b207d9f09053723bb8206218ce60e11f953fed872d5c9fc2f55d84038b822bd8445294d4014830e9f671414c6b2633aeefbf84a37da619fb82b30990b1db	common_voice_nb-NO_44034761.mp3	7236e7938fffbdada7e62459cb881152fd0f3675839d2a686ff84baa23fecb3d	Hvordan er dette på noen måte heldig?		0	0					nb-NO	
a5cb9b8810364788da385d09adcd4f79fabd4d6c490bfb9bfd4f9f89ed2ce3a32fad2484012726953100846e1cda76e22b8d868d1d7c34486d59fd42e014e244	common_voice_nb-NO_44035057.mp3	74d4b2ae73051aac5ad14744e8eaa9f5fed072fa93847fce4f75d6574eb321f5	Barneminnet vil lenge vare		0	0					nb-NO	
a5cb9b8810364788da385d09adcd4f79fabd4d6c490bfb9bfd4f9f89ed2ce3a32fad2484012726953100846e1cda76e22b8d868d1d7c34486d59fd42e014e244	common_voice_nb-NO_44035058.mp3	2c87402839d23e3d8df31005e0410e2036765325867cf8568e061bee7f31e959	femti tusen ni hundre og åttifem		0	0					nb-NO	
a5cb9b8810364788da385d09adcd4f79fabd4d6c490bfb9bfd4f9f89ed2ce3a32fad2484012726953100846e1cda76e22b8d868d1d7c34486d59fd42e014e244	common_voice_nb-NO_44035059.mp3	8832722df68f4443f812a10a9212d8cf2cf4f64235117df6a9a682eaf31d3c32	yrkesrettet		1	0					nb-NO	
a5cb9b8810364788da385d09adcd4f79fabd4d6c490bfb9bfd4f9f89ed2ce3a32fad2484012726953100846e1cda76e22b8d868d1d7c34486d59fd42e014e244	common_voice_nb-NO_44035060.mp3	7776ffe338a508ee4a01f6d0cf586a237f7797c16014984fa98480d758bf26c9	Så skal jeg si det til de andre.		0	0					nb-NO	
a5cb9b8810364788da385d09adcd4f79fabd4d6c490bfb9bfd4f9f89ed2ce3a32fad2484012726953100846e1cda76e22b8d868d1d7c34486d59fd42e014e244	common_voice_nb-NO_44035062.mp3	7084a99369130834a1b28cdb4f0be44bbbdc00ca8194fb209579ad440be89eba	Det markedet vi opererer i gir ikke noe grunnlag for slike forventninger.		0	0					nb-NO	
93567ad0a76a80c876dc2538ad8934ac31117c5f020ad4a09c04eea321f55115a2b92e739e9fe07611c86b723761a7be6c7440462eb3ac7481d11123836fa14c	common_voice_nb-NO_44105226.mp3	82945c3c5c6819e13b3c7663c29a49587adc121669914866108a32f2a012347e	En helt kort setning.		0	0					nb-NO	
93567ad0a76a80c876dc2538ad8934ac31117c5f020ad4a09c04eea321f55115a2b92e739e9fe07611c86b723761a7be6c7440462eb3ac7481d11123836fa14c	common_voice_nb-NO_44105227.mp3	64cf80755f541d90ec7f275c82b4104ffce2185a1b2cdba7d4ac8da85bfbbf55	D E M O N S T R E R T E		0	0					nb-NO	
93567ad0a76a80c876dc2538ad8934ac31117c5f020ad4a09c04eea321f55115a2b92e739e9fe07611c86b723761a7be6c7440462eb3ac7481d11123836fa14c	common_voice_nb-NO_44105228.mp3	690f9e7de73a2f585e6f39fbb792bd0a152a96470c323281d0e641e36cedb4e0	Jeg lurte blant annet på hvorfor han skrev så mye pent om seg selv.		0	0					nb-NO	
93567ad0a76a80c876dc2538ad8934ac31117c5f020ad4a09c04eea321f55115a2b92e739e9fe07611c86b723761a7be6c7440462eb3ac7481d11123836fa14c	common_voice_nb-NO_44105229.mp3	065d650b854f21c8f7fff9c5a4b2b3f1d57551312f7d38ebdab9f7a473796adb	I Cryo drømmer du ikke i det hele tatt		0	1					nb-NO	
93567ad0a76a80c876dc2538ad8934ac31117c5f020ad4a09c04eea321f55115a2b92e739e9fe07611c86b723761a7be6c7440462eb3ac7481d11123836fa14c	common_voice_nb-NO_44105230.mp3	78cd62bae7cbeda87a616eb6de791fffafe80813cec3b52ea8f78804235d5436	Antall vedtak om tvangsbehandling øker også.		0	0					nb-NO	
